exp,epoch,horizon_steps,event,group,peak,mse_h,mse_u,mse_v,mse_mean,csi_all,csi_int,bias_mean,wet_frac_pred,wet_frac_gt,wet_frac_delta,false_pos_rate,false_neg_rate
E2_Baseline,600,6,Group_1_peak_2600_Group_1_peak_2600_0_0-80_interpolated.pkl,1,2600,0.09189036541810504,0.020556837779616415,0.010410751401092074,0.04095265153293784,0.7531461761858664,0.750733137829912,-0.10755581944530332,0.2426566075072661,0.311112485313215,-0.06845587780594892,0.005194483952754932,0.07365036175870385
E2_Baseline,600,12,Group_1_peak_2600_Group_1_peak_2600_0_0-80_interpolated.pkl,1,2600,0.5278613485929602,0.10145433586044415,0.03772260486939997,0.22234609644093475,0.5094739631641712,0.506202480992397,-0.32312400477707004,0.2404922391936182,0.45779481788386617,-0.21730257869024797,0.005812874899511471,0.22311545358975945
E2_Baseline,600,24,Group_1_peak_2600_Group_1_peak_2600_0_0-80_interpolated.pkl,1,2600,0.8211532515642338,0.1399567813000863,0.04369535506131719,0.3349351293085458,0.4082887396106114,0.4049009504179549,-0.44490713386424774,0.23455568610475544,0.5241481664708428,-0.2895924803660874,0.015892647331643063,0.3054851276977305
E2_Baseline,600,6,Group_2_peak_1000_Group_2_peak_1000_0_0-80_interpolated.pkl,2,1000,0.04213606898256419,0.015309080420903133,0.003915987801366634,0.02045371240161132,0.8321623731459797,0.8288216560509554,-0.0030650636067778786,0.1487848617896234,0.13530393915033084,0.01348092263929257,0.02003586667491188,0.006554944035619318
E2_Baseline,600,12,Group_2_peak_1000_Group_2_peak_1000_0_0-80_interpolated.pkl,2,1000,0.17761188328831987,0.04842577908280422,0.008337110938691958,0.07812492443660535,0.7342525853964275,0.7300222858962114,-0.10148414431118978,0.1664090037721848,0.16962463669531877,-0.003215632923133982,0.024611959680910272,0.027827592604044278
E2_Baseline,600,24,Group_2_peak_1000_Group_2_peak_1000_0_0-80_interpolated.pkl,2,1000,0.11888427884874707,0.030726622218283813,0.007834047325265023,0.05248164946409863,0.6587731811697575,0.65383502170767,-0.04967456270580824,0.17815843176055904,0.17519015521612763,0.0029682765444314085,0.038463916888256754,0.035495640343825366
E2_Baseline,600,6,Group_2_peak_1200_Group_2_peak_1200_0_0-80_interpolated.pkl,2,1200,0.04941912230015565,0.018067689260003777,0.0032892091958270885,0.023592006918662173,0.8735035913806863,0.870928338762215,-0.02256098442886765,0.14470348154103024,0.13944715849359965,0.005256323047430594,0.012429658029806443,0.007173334982375858
E2_Baseline,600,12,Group_2_peak_1200_Group_2_peak_1200_0_0-80_interpolated.pkl,2,1200,0.2408116316768894,0.06572981401607385,0.013047969057621402,0.10652980491686155,0.6280775275013096,0.6231422505307855,-0.15124891419245873,0.15305175932224352,0.22515614371405604,-0.07210438439181252,0.007853565023808051,0.07995794941562055
E2_Baseline,600,24,Group_2_peak_1200_Group_2_peak_1200_0_0-80_interpolated.pkl,2,1200,0.1761330280155807,0.03778262415262645,0.007727923867676323,0.07388119201196115,0.58201189296333,0.5767686904164576,-0.11704135682703605,0.15892647331643064,0.2297322367200544,-0.07080576340362377,0.01675839465710222,0.087564158060726
E2_Baseline,600,6,Group_2_peak_1600_Group_2_peak_1600_0_0-80_interpolated.pkl,2,1600,0.07120058372214431,0.022605597818548883,0.0037551372416612327,0.03252043959411815,0.8604246432300731,0.8579525327665604,-0.07303082340687032,0.16177107167151072,0.16257497990229422,-0.0008039082307834955,0.011996784367076865,0.012800692597860368
E2_Baseline,600,12,Group_2_peak_1600_Group_2_peak_1600_0_0-80_interpolated.pkl,2,1600,0.4021561069650783,0.09792398897908704,0.023784202412955785,0.17462143278570705,0.562254516889238,0.5579135263784213,-0.23608309362632182,0.18162142106239565,0.3041246676148661,-0.12250324655247047,0.00766804773978109,0.13017129429225155
E2_Baseline,600,24,Group_2_peak_1600_Group_2_peak_1600_0_0-80_interpolated.pkl,2,1600,0.33713638066745777,0.06239040987571855,0.013489023499505879,0.1376719380142274,0.492809540512101,0.4883227176220807,-0.21423580647841817,0.18953682518087936,0.33065363923072166,-0.1411168140498423,0.018860923876074454,0.15997773792591677
E2_Baseline,600,6,Group_4_peak_2000_Group_4_peak_2000_0_0-80_interpolated.pkl,4,2000,0.039339043211957525,0.01972594394620346,0.003605269398087859,0.020890085518749615,0.8471428571428572,0.8434146341463414,-0.04027758687909684,0.1103827839960423,0.12330715478325398,-0.012924370787211675,0.0034629893018366213,0.016387360089048297
E2_Baseline,600,12,Group_4_peak_2000_Group_4_peak_2000_0_0-80_interpolated.pkl,4,2000,1.0242122724926026,0.2480997003972229,0.0495315305314542,0.44061450114042655,0.4513419381274329,0.44566342372179674,-0.35923398995501205,0.14272463051140932,0.2891596067033579,-0.14643497619194856,0.009585059674726362,0.1560200358666749
E2_Baseline,600,24,Group_4_peak_2000_Group_4_peak_2000_0_0-80_interpolated.pkl,4,2000,0.3394858014964246,0.07264727720745746,0.016223593772875956,0.14278555749225266,0.46583234008740565,0.46047351524879615,-0.2055029970220611,0.1553398058252427,0.2947869643188424,-0.13944715849359968,0.013419083544616907,0.15286624203821655
E2_Baseline,600,6,Group_1_peak_1200_Group_1_peak_1200_0_0-80_interpolated.pkl,1,1200,0.03344342788246671,0.014372729561417365,0.003106150052768207,0.016974102498884095,0.8589449541284404,0.8561964146531567,-0.022830560457860524,0.15404118483705398,0.14049842310308577,0.013542761733968206,0.01818069383464226,0.004637932100674046
E2_Baseline,600,12,Group_1_peak_1200_Group_1_peak_1200_0_0-80_interpolated.pkl,1,1200,0.23144477070105413,0.06277576437597283,0.012794597156831771,0.10233837741128625,0.6543396226415095,0.6499363057324841,-0.1520314444549657,0.16721291200296828,0.2332570651165667,-0.0660441531135984,0.009461381485375054,0.07550553459897347
E2_Baseline,600,24,Group_1_peak_1200_Group_1_peak_1200_0_0-80_interpolated.pkl,1,1200,0.3076468058423745,0.06988179241298469,0.013408028319590102,0.13031220885831643,0.5351906158357771,0.5302709568162574,-0.19384518027062334,0.16492486549996907,0.28210994991033334,-0.11718508441036427,0.01001793333745594,0.12720301774782017
E2_Baseline,600,6,Group_1_peak_2400_Group_1_peak_2400_0_0-80_interpolated.pkl,1,2400,0.09237404137706509,0.023115761725973984,0.00950720853715007,0.04166567054672971,0.7387669801462905,0.7360084477296727,-0.10332443108032899,0.2207655679920846,0.28755179024179084,-0.06678622224970623,0.005256323047430586,0.07204254529713686
E2_Baseline,600,12,Group_1_peak_2400_Group_1_peak_2400_0_0-80_interpolated.pkl,1,2400,0.5453348461965233,0.10843536260315852,0.03700059757413736,0.2302569354579397,0.493238533389098,0.48968131405306753,-0.316303798804573,0.22231154535897593,0.43386308824438813,-0.2115515428854122,0.006616783130294972,0.21816832601570713
E2_Baseline,600,24,Group_1_peak_2400_Group_1_peak_2400_0_0-80_interpolated.pkl,1,2400,0.7674866211780298,0.13578124217401522,0.040293986429020004,0.31452061659368835,0.41399109444574644,0.41053748231966053,-0.410376280020948,0.2341846515367015,0.5058437944468493,-0.2716591429101478,0.0187990847813988,0.2904582276915466
E2_Baseline,600,6,Group_3_peak_3400_Group_3_peak_3400_0_0-80_interpolated.pkl,3,3400,0.11334453512687245,0.026276755988443548,0.008539446507527875,0.049386912540947965,0.776648872050973,0.7747090498523537,-0.12810217569742904,0.2796982252179828,0.3521118050831736,-0.07241357986519076,0.0038958629645661986,0.07630944282975698
E2_Baseline,600,12,Group_3_peak_3400_Group_3_peak_3400_0_0-80_interpolated.pkl,3,3400,0.660119648471212,0.12745940601497965,0.041492727884248626,0.2763572607901467,0.5652278755727032,0.5625379109547495,-0.38491194934218664,0.2904582276915466,0.5060293117308763,-0.21557108403932967,0.003710345680539237,0.21928142971986891
E2_Baseline,600,24,Group_3_peak_3400_Group_3_peak_3400_0_0-80_interpolated.pkl,3,3400,0.3919930423383368,0.06220046795776954,0.019783536421651537,0.1579923489059193,0.5569620253164557,0.5542493264756306,-0.2933028864363676,0.29423041246676146,0.4906313771566384,-0.19640096468987694,0.014346669964751715,0.21074763465462865
E2_Baseline,700,6,Group_1_peak_2600_Group_1_peak_2600_0_0-80_interpolated.pkl,1,2600,0.12312553367196169,0.028066483456349788,0.011400505200427081,0.05419750744291285,0.7246010120669522,0.7218946540880503,-0.12191473343002134,0.23065982314018924,0.311112485313215,-0.08045266217302577,0.003524828396512275,0.08397749056953806
E2_Baseline,700,12,Group_1_peak_2600_Group_1_peak_2600_0_0-80_interpolated.pkl,1,2600,0.5884898546341388,0.11256299014744636,0.03976491975837212,0.24693925484665244,0.5082334343301278,0.5049728152764885,-0.33003464438655616,0.24401706759013048,0.45779481788386617,-0.2137777502937357,0.008533795065240244,0.22231154535897593
E2_Baseline,700,24,Group_1_peak_2600_Group_1_peak_2600_0_0-80_interpolated.pkl,1,2600,0.8785988693980397,0.14920574080531068,0.04689874885379423,0.35823445301904816,0.4027896164277412,0.4004667444574096,-0.45148855880124916,0.5891410549749552,0.5241481664708428,0.06499288850411233,0.2707933955846886,0.20580050708057634
E2_Baseline,700,6,Group_2_peak_1000_Group_2_peak_1000_0_0-80_interpolated.pkl,2,1000,0.04046445368485891,0.016408565437995085,0.0031913429987355615,0.02002145404052985,0.855084067253803,0.8521241830065359,0.0007812502830769105,0.14507451610908417,0.13530393915033084,0.00977057695875333,0.016078164615670028,0.006307587656916702
E2_Baseline,700,12,Group_2_peak_1000_Group_2_peak_1000_0_0-80_interpolated.pkl,2,1000,0.18738014203319567,0.05156815276900197,0.00783988012954172,0.08226272497724646,0.7463976945244957,0.7422713960299382,-0.10521015358077346,0.16146187619813246,0.16962463669531877,-0.008162760497186311,0.020406901242965802,0.028569661740152123
E2_Baseline,700,24,Group_2_peak_1000_Group_2_peak_1000_0_0-80_interpolated.pkl,2,1000,0.12064254435286571,0.02904450204101683,0.005433344191385542,0.05170679686175603,0.2298985167837627,0.22612276917042556,-0.04874953530094382,0.5980458846082494,0.17519015521612763,0.42285572939212174,0.4554449322861913,0.03258920289406963
E2_Baseline,700,6,Group_2_peak_1200_Group_2_peak_1200_0_0-80_interpolated.pkl,2,1200,0.05182732831475003,0.02045837334618882,0.0034318405901984476,0.025239180750379103,0.8580392156862745,0.8552,-0.015377661549501712,0.14736256261208336,0.13944715849359965,0.00791540411848371,0.015150578195535218,0.007235174077051512
E2_Baseline,700,12,Group_2_peak_1200_Group_2_peak_1200_0_0-80_interpolated.pkl,2,1200,0.2589458229950068,0.07151700183152124,0.013781282643386489,0.11474803582330484,0.5940913604766633,0.5889894419306184,-0.14234049136958135,0.1657287737307526,0.22515614371405604,-0.059427369983303446,0.02083977490569538,0.08026714488899883
E2_Baseline,700,24,Group_2_peak_1200_Group_2_peak_1200_0_0-80_interpolated.pkl,2,1200,0.1913007798052028,0.038173633679378316,0.007763510464064041,0.07907930798288172,0.2618822192766522,0.2583713850837139,-0.10323287268441578,0.588275307649496,0.2297322367200544,0.3585430709294416,0.4203203265104199,0.061777255580978296
E2_Baseline,700,6,Group_2_peak_1600_Group_2_peak_1600_0_0-80_interpolated.pkl,2,1600,0.05674534645875393,0.01890833735568884,0.0029839275944704723,0.026212537136304417,0.8469529085872576,0.8442565186751233,-0.05279435711014316,0.16109084163007853,0.16257497990229422,-0.0014841382722156904,0.012924370787211675,0.01440850905942737
E2_Baseline,700,12,Group_2_peak_1600_Group_2_peak_1600_0_0-80_interpolated.pkl,2,1600,0.35523667945151643,0.08380434725026199,0.021505982995459486,0.1535156698990793,0.5315436241610738,0.5270087124878994,-0.20651451008460361,0.18360027209201657,0.3041246676148661,-0.12052439552284955,0.015274256384886525,0.13579865190773607
E2_Baseline,700,24,Group_2_peak_1600_Group_2_peak_1600_0_0-80_interpolated.pkl,2,1600,0.29198454211487485,0.05330965636823257,0.011951379278646476,0.11908185925391797,0.32640405275569917,0.32344942538819194,-0.17163727578497,0.6022509430461938,0.33065363923072166,0.2715973038154721,0.3742502009770577,0.10265289716158556
E2_Baseline,700,6,Group_4_peak_2000_Group_4_peak_2000_0_0-80_interpolated.pkl,4,2000,0.04878922458818464,0.02429026144086734,0.0040340482372932494,0.02570451142211508,0.8331762488218661,0.8291505791505791,-0.04003301597719297,0.1110630140374745,0.12330715478325398,-0.01224414074577948,0.004823449384701008,0.017067590130480488
E2_Baseline,700,12,Group_4_peak_2000_Group_4_peak_2000_0_0-80_interpolated.pkl,4,2000,1.1350415812630994,0.2679241539267661,0.05326016077703119,0.4854086319889655,0.4369489440229649,0.4311166355914647,-0.3694334850484664,0.13802485931605962,0.2891596067033579,-0.15113474738729826,0.009337703296023746,0.160472450683322
E2_Baseline,700,24,Group_4_peak_2000_Group_4_peak_2000_0_0-80_interpolated.pkl,4,2000,0.423718952512406,0.08168838156708483,0.018380950638022437,0.17459609490583775,0.286476393704988,0.28329016700902027,-0.20082948026656514,0.5937789870756293,0.2947869643188424,0.2989920227567869,0.39762537876445486,0.09863335600766805
E2_Baseline,700,6,Group_1_peak_1200_Group_1_peak_1200_0_0-80_interpolated.pkl,1,1200,0.03352834357975473,0.014037940140908662,0.002737489967689519,0.016767924562784305,0.8470588235294118,0.844100580270793,-0.018327990074221406,0.1542885412157566,0.14049842310308577,0.013790118112670835,0.019355636633479684,0.0055655185208088554
E2_Baseline,700,12,Group_1_peak_1200_Group_1_peak_1200_0_0-80_interpolated.pkl,1,1200,0.2357614635024966,0.06414200448031608,0.012646856297401388,0.10418344142673802,0.66553480475382,0.6614289221703904,-0.13231893464767175,0.1852080885535836,0.2332570651165667,-0.0480489765629831,0.01861356749737184,0.06666254406035496
E2_Baseline,700,24,Group_1_peak_1200_Group_1_peak_1200_0_0-80_interpolated.pkl,1,1200,0.3091368733432992,0.07091073633607138,0.013950795166707924,0.1313328016153595,0.30365775791298,0.30046733253917346,-0.16107006755921094,0.5955104817265475,0.28210994991033334,0.3134005318162142,0.3927400902850782,0.07933955846886402
E2_Baseline,700,6,Group_1_peak_2400_Group_1_peak_2400_0_0-80_interpolated.pkl,1,2400,0.10799830392849988,0.024510997480153302,0.007465217692859957,0.046658173033837715,0.7649253731343284,0.7624633431085044,-0.09781565626980783,0.23276235235916146,0.28755179024179084,-0.05478943788262938,0.00766804773978109,0.06245748562241049
E2_Baseline,700,12,Group_1_peak_2400_Group_1_peak_2400_0_0-80_interpolated.pkl,1,2400,0.5714246326362348,0.10481695081814049,0.03626571879141752,0.23750243408193092,0.5142265193370166,0.5108484005563282,-0.3162000794245872,0.23789499721724075,0.43386308824438813,-0.19596809102714738,0.010760002473563787,0.20672809350071114
E2_Baseline,700,24,Group_1_peak_2400_Group_1_peak_2400_0_0-80_interpolated.pkl,1,2400,0.8388934346489335,0.13428315303869745,0.04111051506538189,0.338095700917671,0.381288199341796,0.3788546255506608,-0.42405198976949476,0.5780718570280131,0.5058437944468493,0.07222806258116377,0.2802547770700637,0.2080267144888999
E2_Baseline,700,6,Group_3_peak_3400_Group_3_peak_3400_0_0-80_interpolated.pkl,3,3400,0.1453618578839693,0.03252149677617587,0.013548888520532494,0.06381074772689255,0.7356578495362418,0.7333679833679834,-0.14746391169473905,0.2665883371467442,0.3521118050831736,-0.0855234679364294,0.004823449384701008,0.09034691732113041
E2_Baseline,700,12,Group_3_peak_3400_Group_3_peak_3400_0_0-80_interpolated.pkl,3,3400,0.7447443094254715,0.14038338777008075,0.05178560227093222,0.31230443315549483,0.5100143061516452,0.5070169125584743,-0.40844401967642696,0.27091707377403995,0.5060293117308763,-0.23511223795683633,0.009523220580050708,0.244635458536887
E2_Baseline,700,24,Group_3_peak_3400_Group_3_peak_3400_0_0-80_interpolated.pkl,3,3400,0.5279345516505363,0.07208582299982277,0.025564478499250632,0.20852828438320323,0.416067720811372,0.4137267479153303,-0.3365035330414013,0.599715540164492,0.4906313771566384,0.10908416300785362,0.2806258116381176,0.17154164863026405
E2_Baseline,800,6,Group_1_peak_2600_Group_1_peak_2600_0_0-80_interpolated.pkl,1,2600,0.10883490170081525,0.026108664746731867,0.01054049437678914,0.048494686941445424,0.763986013986014,0.761671243624951,-0.11747543828458351,0.2442644239688331,0.311112485313215,-0.0668480613443819,0.0041432193432688145,0.07099128068765073
E2_Baseline,800,12,Group_1_peak_2600_Group_1_peak_2600_0_0-80_interpolated.pkl,1,2600,0.5863984505031747,0.11707918536073696,0.040157129520288805,0.24787825512806683,0.49833577419784314,0.4949738640932851,-0.3493254224383155,0.23195844412837796,0.45779481788386617,-0.2258363737554882,0.003586667491187929,0.22942304124667615
E2_Baseline,800,24,Group_1_peak_2600_Group_1_peak_2600_0_0-80_interpolated.pkl,1,2600,0.9376521853039083,0.16120893525189559,0.0481360596214824,0.38233239339242875,0.36894767107533066,0.36529786003470216,-0.49016260179294724,0.20573866798590068,0.5241481664708428,-0.31840949848494216,0.010450807000185518,0.3288603054851277
E2_Baseline,800,6,Group_2_peak_1000_Group_2_peak_1000_0_0-80_interpolated.pkl,2,1000,0.054276598174450595,0.01738095157112062,0.0030811014929089356,0.02491288374616005,0.8097949886104784,0.8061145510835913,-0.0008704475816596115,0.15329911570094615,0.13530393915033084,0.017995176550615305,0.024488281491558964,0.0064931049409436645
E2_Baseline,800,12,Group_2_peak_1000_Group_2_peak_1000_0_0-80_interpolated.pkl,2,1000,0.18768357954282763,0.055236635806601375,0.008955093776969547,0.08395843637546618,0.7238664987405542,0.719449776071657,-0.11364609461961227,0.16276049718632118,0.16962463669531877,-0.006864139508997585,0.023684373260775462,0.03054851276977305
E2_Baseline,800,24,Group_2_peak_1000_Group_2_peak_1000_0_0-80_interpolated.pkl,2,1000,0.10903011487100851,0.029325236669819534,0.005927863654248474,0.0480944050650255,0.647240123283833,0.6422279056550156,-0.0655462472486434,0.18217797291447654,0.17519015521612763,0.006987817698348914,0.04242161894749861,0.035433801249149716
E2_Baseline,800,6,Group_2_peak_1200_Group_2_peak_1200_0_0-80_interpolated.pkl,2,1200,0.03913116172891174,0.01525066772205088,0.002871952049830092,0.019084593833597573,0.8470407378939278,0.8440438871473355,-0.021938724764335074,0.15156762105002783,0.13944715849359965,0.01212046255642818,0.018366211118669224,0.006245748562241049
E2_Baseline,800,12,Group_2_peak_1200_Group_2_peak_1200_0_0-80_interpolated.pkl,2,1200,0.22396773454837565,0.059940985753818114,0.012399559881666295,0.09876942672795336,0.6438035853468433,0.6391155567254541,-0.14722925225905942,0.1599158988312411,0.22515614371405604,-0.06524024488281494,0.009770576958753325,0.07501082184156824
E2_Baseline,800,24,Group_2_peak_1200_Group_2_peak_1200_0_0-80_interpolated.pkl,2,1200,0.16979100045462953,0.034566994733955046,0.007404115282053307,0.0705873701568793,0.5892057506481263,0.5843071786310517,-0.11935665420061375,0.18106486921031476,0.2297322367200544,-0.048667367509739656,0.029559087254962587,0.07822645476470225
E2_Baseline,800,6,Group_2_peak_1600_Group_2_peak_1600_0_0-80_interpolated.pkl,2,1600,0.06805947423348693,0.02174599616598986,0.0033981789791279783,0.031067883126201592,0.8154054971157109,0.812219537452537,-0.06259638580082594,0.162080267144889,0.16257497990229422,-0.0004947127574052301,0.016572877373075258,0.017067590130480488
E2_Baseline,800,12,Group_2_peak_1600_Group_2_peak_1600_0_0-80_interpolated.pkl,2,1600,0.37139297351783074,0.09157980174733772,0.02275185719648664,0.1619082108205517,0.552503409312293,0.5481015148534331,-0.2218320206214056,0.1824871683878548,0.3041246676148661,-0.12163749922701131,0.010203450621482901,0.1318409498484942
E2_Baseline,800,24,Group_2_peak_1600_Group_2_peak_1600_0_0-80_interpolated.pkl,2,1600,0.33854620172450994,0.0617040220986546,0.012993390338809757,0.13774787138732478,0.467744770609949,0.4630253591062245,-0.21531506173280873,0.1795188918434234,0.33065363923072166,-0.15113474738729826,0.018057015645290952,0.1691917630325892
E2_Baseline,800,6,Group_4_peak_2000_Group_4_peak_2000_0_0-80_interpolated.pkl,4,2000,0.04418201091447956,0.02071763354802217,0.003724855995107676,0.022874833485869803,0.8510436432637571,0.847424684159378,-0.04037291208509832,0.11180508317358234,0.12330715478325398,-0.011502071609671635,0.003957702059241852,0.015459773668913487
E2_Baseline,800,12,Group_4_peak_2000_Group_4_peak_2000_0_0-80_interpolated.pkl,4,2000,1.0693951741847492,0.25411267539837873,0.05090677428077996,0.45813820795463595,0.4547707558859975,0.44908180300500833,-0.36656889768915035,0.14025106672438314,0.2891596067033579,-0.14890853997897474,0.007173334982375858,0.15608187496135056
E2_Baseline,800,24,Group_4_peak_2000_Group_4_peak_2000_0_0-80_interpolated.pkl,4,2000,0.37873290443726115,0.07525886852634539,0.01678650594642403,0.15692609297001017,0.443483389030863,0.4379591026404606,-0.20969760803483087,0.15311359841691918,0.2947869643188424,-0.1416733659019232,0.016696555562426565,0.15836992146434975
E2_Baseline,800,6,Group_1_peak_1200_Group_1_peak_1200_0_0-80_interpolated.pkl,1,1200,0.02961914566674019,0.013119330375030823,0.0023911083072346772,0.015043194783001897,0.8853301700276789,0.8830173457039129,-0.01872986115371943,0.14816647084286685,0.14049842310308577,0.007668047739781081,0.012800692597860368,0.005132644858079277
E2_Baseline,800,12,Group_1_peak_1200_Group_1_peak_1200_0_0-80_interpolated.pkl,1,1200,0.222683972046064,0.061204675357683626,0.012951740485468712,0.09894679596307211,0.6601275134870034,0.6559086395233367,-0.1438443619896342,0.17920969637004514,0.2332570651165667,-0.05404736874652155,0.01583080823696741,0.06987817698348896
E2_Baseline,800,24,Group_1_peak_1200_Group_1_peak_1200_0_0-80_interpolated.pkl,1,1200,0.30812617750970905,0.06569282871303246,0.013723717446010338,0.12918090788958395,0.5541691424044365,0.5497099419883977,-0.1796432041250541,0.19695751654195784,0.28210994991033334,-0.0851524333683755,0.027023684373260776,0.11217611774163626
E2_Baseline,800,6,Group_1_peak_2400_Group_1_peak_2400_0_0-80_interpolated.pkl,1,2400,0.09367824173961287,0.024135658735412364,0.007726172427333925,0.041846690967453054,0.8090306545153273,0.8070322310590206,-0.09623293929429998,0.24636695318780533,0.28755179024179084,-0.04118483705398551,0.007915404118483705,0.049100241172469236
E2_Baseline,800,12,Group_1_peak_2400_Group_1_peak_2400_0_0-80_interpolated.pkl,1,2400,0.5450252983987794,0.11070676438391922,0.03699966823844548,0.23091057700704806,0.5111173262480772,0.5076749753555837,-0.3141603253412745,0.22818625935316306,0.43386308824438813,-0.20567682889122507,0.005256323047430586,0.2109331519386556
E2_Baseline,800,24,Group_1_peak_2400_Group_1_peak_2400_0_0-80_interpolated.pkl,1,2400,0.805818294599926,0.13739140844127573,0.04070530212876418,0.32797166838998865,0.39059158945117606,0.38695028680688337,-0.42897236468833094,0.21186073835879043,0.5058437944468493,-0.2939830560880589,0.011625749799022943,0.30560880588708184
E2_Baseline,800,6,Group_3_peak_3400_Group_3_peak_3400_0_0-80_interpolated.pkl,3,3400,0.1589126859694782,0.03468565246559456,0.012064487333583444,0.06855427525621872,0.750815730722995,0.7486575437380911,-0.15434536796193804,0.272153855667553,0.3521118050831736,-0.07995794941562057,0.004885288479376662,0.08484323789499722
E2_Baseline,800,12,Group_3_peak_3400_Group_3_peak_3400_0_0-80_interpolated.pkl,3,3400,0.7858877989766984,0.14517578004600235,0.048263371086285214,0.3264423167029953,0.5105873908362244,0.5075830524795378,-0.4269506671375456,0.26850534908168944,0.5060293117308763,-0.23752396264918685,0.007729886834456743,0.24525384948364357
E2_Baseline,800,24,Group_3_peak_3400_Group_3_peak_3400_0_0-80_interpolated.pkl,3,3400,0.5452243192115646,0.07839373227715449,0.025047707654679986,0.21622191971446636,0.45462205103514686,0.4513199321869702,-0.3556290243723332,0.25051017253107416,0.4906313771566384,-0.24012120462556424,0.02003586667491188,0.26015707130047616
E2_Baseline,850,6,Group_1_peak_2600_Group_1_peak_2600_0_0-80_interpolated.pkl,1,2600,0.09606327079930033,0.023912463907160224,0.010193839935615021,0.04338985821402519,0.7681667640755894,0.7658862876254181,-0.11195003364916363,0.24395522849545484,0.311112485313215,-0.06715725681776016,0.0032156329231340054,0.07037288974089419
E2_Baseline,850,12,Group_1_peak_2600_Group_1_peak_2600_0_0-80_interpolated.pkl,1,2600,0.5719997823172235,0.11205792818009493,0.04048108766499584,0.24151293272077143,0.4970619658119658,0.4936810970691046,-0.3456622713402851,0.22923752396264918,0.45779481788386617,-0.228557293921217,0.0021643683136478883,0.23072166223486487
E2_Baseline,850,24,Group_1_peak_2600_Group_1_peak_2600_0_0-80_interpolated.pkl,1,2600,0.9049277697725311,0.15175710214138208,0.04664028818165531,0.3677750533651895,0.38017391304347825,0.3765597667638484,-0.48341486350952323,0.20580050708057634,0.5241481664708428,-0.3183476593902665,0.006122070372889741,0.32446972976315624
E2_Baseline,850,6,Group_2_peak_1000_Group_2_peak_1000_0_0-80_interpolated.pkl,2,1000,0.061520397405914806,0.016966994601515302,0.0025540449339751764,0.02701381231380176,0.8400315208825847,0.8368167202572347,0.0005174744999789844,0.1473007235174077,0.13530393915033084,0.011996784367076851,0.018551728402696185,0.006554944035619318
E2_Baseline,850,12,Group_2_peak_1000_Group_2_peak_1000_0_0-80_interpolated.pkl,2,1000,0.1908694777443441,0.05237812338062315,0.008110013464907802,0.08378587152995835,0.7302982731554161,0.7259968102073365,-0.11237058025603318,0.16498670459464473,0.16962463669531877,-0.004637932100674036,0.02424092511285635,0.028878857213530396
E2_Baseline,850,24,Group_2_peak_1000_Group_2_peak_1000_0_0-80_interpolated.pkl,2,1000,0.12108062642553323,0.02859118563548923,0.005275610151397889,0.051649140737473447,0.685441674361342,0.6805251641137856,-0.08125244880399327,0.157256817760188,0.17519015521612763,-0.01793333745593964,0.022633108651289344,0.04056644610722899
E2_Baseline,850,6,Group_2_peak_1200_Group_2_peak_1200_0_0-80_interpolated.pkl,2,1200,0.044456379405668225,0.01476261786535068,0.0024392651565094616,0.020552754142509455,0.8396479142747799,0.8365197034724932,-0.012099585634283112,0.1516294601447035,0.13944715849359965,0.012182301651103844,0.019046441160101416,0.006864139508997588
E2_Baseline,850,12,Group_2_peak_1200_Group_2_peak_1200_0_0-80_interpolated.pkl,2,1200,0.21069868706463446,0.05692978761240522,0.011810501205863853,0.09314632529430117,0.6850373422611383,0.6809287764153404,-0.13465718012278927,0.17327314328118237,0.22515614371405604,-0.051883000432873666,0.011873106177725558,0.06375610661059922
E2_Baseline,850,24,Group_2_peak_1200_Group_2_peak_1200_0_0-80_interpolated.pkl,2,1200,0.16422038924281068,0.03280590736032664,0.006676925153124422,0.06790107391875391,0.5918417799752781,0.5867334167709637,-0.12069048995646141,0.16226578442891595,0.2297322367200544,-0.06746645229113846,0.017314946509183107,0.08478139880032157
E2_Baseline,850,6,Group_2_peak_1600_Group_2_peak_1600_0_0-80_interpolated.pkl,2,1600,0.055421562321808344,0.01855592724133796,0.003177106431902976,0.025718198665016425,0.8490182802979012,0.8464187327823691,-0.053252469910207705,0.16900624574856224,0.16257497990229422,0.0064312658462680194,0.017005751035804834,0.010574485189536825
E2_Baseline,850,12,Group_2_peak_1600_Group_2_peak_1600_0_0-80_interpolated.pkl,2,1600,0.34023775823341756,0.07959040059891659,0.021103847777853763,0.14697733553672931,0.5912162162162162,0.5871136089923725,-0.21468112042777193,0.18483705398552966,0.3041246676148661,-0.11928761362933646,0.003957702059241852,0.12324531568857831
E2_Baseline,850,24,Group_2_peak_1600_Group_2_peak_1600_0_0-80_interpolated.pkl,2,1600,0.34155276447494143,0.05726221889062692,0.012799475228590994,0.13720481953138644,0.4707897583844212,0.4659752547307133,-0.22093509709220982,0.1675839465710222,0.33065363923072166,-0.16306969265969945,0.009214025106672439,0.1722837177663719
E2_Baseline,850,6,Group_4_peak_2000_Group_4_peak_2000_0_0-80_interpolated.pkl,4,2000,0.04112092212013392,0.017977001898945105,0.0034092336529325047,0.020835719224003846,0.8309024612579763,0.8269589552238806,-0.024639333218149966,0.11891657906128254,0.12330715478325398,-0.004390575721971435,0.009275864201348093,0.013666439923319522
E2_Baseline,850,12,Group_4_peak_2000_Group_4_peak_2000_0_0-80_interpolated.pkl,4,2000,1.0188006642214278,0.240102296456972,0.04827057625976683,0.43572451231272225,0.4758986928104575,0.470491126702435,-0.3549457748438563,0.15150578195535216,0.2891596067033579,-0.13765382474800572,0.010512646094861171,0.14816647084286685
E2_Baseline,850,24,Group_4_peak_2000_Group_4_peak_2000_0_0-80_interpolated.pkl,4,2000,0.34962800686374984,0.07014636337323542,0.015865728044139518,0.14521336609370825,0.47801556420233465,0.4728880157170923,-0.19780707941685735,0.16882072846453527,0.2947869643188424,-0.1259662358543071,0.019974027580236225,0.1459402634345433
E2_Baseline,850,6,Group_1_peak_1200_Group_1_peak_1200_0_0-80_interpolated.pkl,1,1200,0.031351557202410306,0.010493814070735344,0.002396061628847495,0.01474714430066438,0.8267745494667157,0.8235294117647058,-0.0053705016474623266,0.160472450683322,0.14049842310308577,0.019974027580236225,0.024550120586234618,0.004576093005998393
E2_Baseline,850,12,Group_1_peak_1200_Group_1_peak_1200_0_0-80_interpolated.pkl,1,1200,0.19043621918729195,0.04562575460553184,0.010032496724524373,0.08203149017244939,0.7008289374529013,0.6970236581022641,-0.12837788505948147,0.1792715354647208,0.2332570651165667,-0.05398552965184589,0.009832416053428978,0.06381794570527488
E2_Baseline,850,24,Group_1_peak_1200_Group_1_peak_1200_0_0-80_interpolated.pkl,1,1200,0.29236277797897914,0.054474527864358586,0.01093391001760967,0.11925707195364914,0.54496699669967,0.5402250937890788,-0.18052718915226332,0.17488095974274936,0.28210994991033334,-0.10722899016758397,0.014594026343454332,0.12182301651103827
E2_Baseline,850,6,Group_1_peak_2400_Group_1_peak_2400_0_0-80_interpolated.pkl,1,2400,0.10951938941907595,0.026602064868022593,0.00886005039001096,0.04832716822570316,0.7928795811518324,0.7906878306878307,-0.11050014390875255,0.2356687898089172,0.28755179024179084,-0.05188300043287364,0.004637932100674046,0.05652093253354771
E2_Baseline,850,12,Group_1_peak_2400_Group_1_peak_2400_0_0-80_interpolated.pkl,1,2400,0.5762925155652817,0.11080894616011436,0.03704171033164838,0.24138105735234816,0.5192928300827838,0.5158965663416702,-0.32989523466970194,0.22954671943602745,0.43386308824438813,-0.20431636880836068,0.003772184775214891,0.20808855358357553
E2_Baseline,850,24,Group_1_peak_2400_Group_1_peak_2400_0_0-80_interpolated.pkl,1,2400,0.849619488580323,0.14271667503043706,0.040213130461333374,0.3441830980240312,0.41410271758649586,0.4105744911477779,-0.4385800403210222,0.21841568239440975,0.5058437944468493,-0.28742811205243957,0.007606208645105436,0.295034320697545
E2_Baseline,850,6,Group_3_peak_3400_Group_3_peak_3400_0_0-80_interpolated.pkl,3,3400,0.14942998536902047,0.03213745162337412,0.010920531534263847,0.0641626561755528,0.7649793388429752,0.7629385203195554,-0.14895627806915157,0.27561684496938965,0.3521118050831736,-0.07649496011378393,0.003957702059241852,0.08045266217302578
E2_Baseline,850,12,Group_3_peak_3400_Group_3_peak_3400_0_0-80_interpolated.pkl,3,3400,0.8078998861499815,0.15043539866288835,0.050705157348045864,0.3363468140536386,0.5169952824482884,0.5139970788704966,-0.43411249787428113,0.2631871869395832,0.5060293117308763,-0.24284212479129308,0.0020406901242965804,0.24488281491558964
E2_Baseline,850,24,Group_3_peak_3400_Group_3_peak_3400_0_0-80_interpolated.pkl,3,3400,0.5552816728439773,0.08366873196411509,0.024638621231848533,0.22119634201331365,0.473418656165395,0.47015849430411094,-0.35967175518675404,0.2435841939274009,0.4906313771566384,-0.2470471832292375,0.00878115144394286,0.2558283346731804
E2_Baseline,900,6,Group_1_peak_2600_Group_1_peak_2600_0_0-80_interpolated.pkl,1,2600,0.12808352830068734,0.03163621987357061,0.012807222201018485,0.05750899012509214,0.7182850430696947,0.7155001977066034,-0.13571049798346577,0.2254653391874343,0.311112485313215,-0.0856471461257807,0.0016696555562426567,0.08731680168202338
E2_Baseline,900,12,Group_1_peak_2600_Group_1_peak_2600_0_0-80_interpolated.pkl,1,2600,0.6471340521359882,0.12641605174492973,0.04175255057873759,0.27176755148655185,0.4657314629258517,0.4621385339609953,-0.36679394005859256,0.21445798033516789,0.45779481788386617,-0.24333683754869828,0.001978851029620926,0.2453156885783192
E2_Baseline,900,24,Group_1_peak_2600_Group_1_peak_2600_0_0-80_interpolated.pkl,1,2600,1.020285674932191,0.16935373860536618,0.048540128760325485,0.41272651409929423,0.35257827959492494,0.3487881981032666,-0.5087830235259105,0.1882382041926906,0.5241481664708428,-0.33590996227815223,0.004019541153917507,0.33992950343206974
E2_Baseline,900,6,Group_2_peak_1000_Group_2_peak_1000_0_0-80_interpolated.pkl,2,1000,0.05408874067744614,0.015837599648866125,0.0031767638099133313,0.024367701378741863,0.8358853553199843,0.8325991189427313,0.005613829369934508,0.14767175808546162,0.13530393915033084,0.012367818935130781,0.01910828025477707,0.0067404613196462805
E2_Baseline,900,12,Group_2_peak_1000_Group_2_peak_1000_0_0-80_interpolated.pkl,2,1000,0.17848351739246857,0.05115048598161447,0.008470338923233591,0.07936811409910555,0.6963272618692147,0.6917247650803273,-0.08105387978721554,0.1754993506895059,0.16962463669531877,0.005874713994187125,0.0343825366396636,0.02850782264547647
E2_Baseline,900,24,Group_2_peak_1000_Group_2_peak_1000_0_0-80_interpolated.pkl,2,1000,0.09822254277322078,0.030246080415725945,0.005796967944856666,0.04475519704460113,0.6739451165535556,0.6690625935908955,-0.046027713063460436,0.1694391194112918,0.17519015521612763,-0.0057510358048358245,0.031290581905880896,0.037041617710716714
E2_Baseline,900,6,Group_2_peak_1200_Group_2_peak_1200_0_0-80_interpolated.pkl,2,1200,0.048670397544374536,0.017927905131967774,0.0031755609880347916,0.023257954554792366,0.8529411764705882,0.85,-0.019519809918459356,0.14655865438129986,0.13944715849359965,0.007111495887700214,0.015150578195535218,0.008039082307835014
E2_Baseline,900,12,Group_2_peak_1200_Group_2_peak_1200_0_0-80_interpolated.pkl,2,1200,0.2203755473373351,0.06434298931428,0.013132508505641452,0.09928368171908553,0.6609606540623403,0.6565734989648033,-0.13020321027031415,0.1706759013048049,0.22515614371405604,-0.054480242409251145,0.01379011811267083,0.06827036052192195
E2_Baseline,900,24,Group_2_peak_1200_Group_2_peak_1200_0_0-80_interpolated.pkl,2,1200,0.16119033348808717,0.03634456558801319,0.007904692358130547,0.0684798638114103,0.5776826076611944,0.572598121839634,-0.10142069733966282,0.1741388906066415,0.2297322367200544,-0.055593346113412906,0.02708552346793643,0.08267886958134933
E2_Baseline,900,6,Group_2_peak_1600_Group_2_peak_1600_0_0-80_interpolated.pkl,2,1600,0.06331294674333082,0.020280505267248953,0.0033363612244006018,0.028976604411660126,0.8621669626998224,0.8596745027124774,-0.05661387989350149,0.15540164491991837,0.16257497990229422,-0.007173334982375851,0.008410116875888936,0.015583451858264794
E2_Baseline,900,12,Group_2_peak_1600_Group_2_peak_1600_0_0-80_interpolated.pkl,2,1600,0.3412374976883245,0.07598037164758892,0.02153676771056474,0.1462515456821594,0.5096209912536444,0.5048086359175662,-0.2084024292618731,0.1699956712633727,0.3041246676148661,-0.13412899635149342,0.01094551975759075,0.14507451610908417
E2_Baseline,900,24,Group_2_peak_1600_Group_2_peak_1600_0_0-80_interpolated.pkl,2,1600,0.3309704678638577,0.052611913388261315,0.012454722727466462,0.13201236799319516,0.45436614667383896,0.44943007056269224,-0.20131566297306908,0.1647393482159421,0.33065363923072166,-0.16591429101477956,0.011131037041617711,0.17704532805639725
E2_Baseline,900,6,Group_4_peak_2000_Group_4_peak_2000_0_0-80_interpolated.pkl,4,2000,0.04914229313875447,0.022133032500471966,0.0036676465884455476,0.02498099074255733,0.814512253724171,0.809945839487937,-0.050320230943654926,0.10401335724444995,0.12330715478325398,-0.01929379753880403,0.0022880465029991963,0.021581844041803227
E2_Baseline,900,12,Group_4_peak_2000_Group_4_peak_2000_0_0-80_interpolated.pkl,4,2000,1.063138118758476,0.2554716877542843,0.05076589902986685,0.45645856851420913,0.4428391959798995,0.43694456199746085,-0.3680002553278245,0.1307896852390081,0.2891596067033579,-0.15836992146434978,0.0030919547337826974,0.16146187619813246
E2_Baseline,900,24,Group_4_peak_2000_Group_4_peak_2000_0_0-80_interpolated.pkl,4,2000,0.34000219609172727,0.07330715822359296,0.016463921111545085,0.14325775847562178,0.4456965222459685,0.44025897586815776,-0.18697874595147176,0.15917382969513327,0.2947869643188424,-0.1356131346237091,0.020406901242965802,0.1560200358666749
E2_Baseline,900,6,Group_1_peak_1200_Group_1_peak_1200_0_0-80_interpolated.pkl,1,1200,0.040346634989086964,0.015947086304598887,0.0032068388248368824,0.019833520039507578,0.9007263922518159,0.8986820428336079,-0.01619658889756354,0.14457980335167894,0.14049842310308577,0.004081380248593169,0.009646898769402015,0.0055655185208088554
E2_Baseline,900,12,Group_1_peak_1200_Group_1_peak_1200_0_0-80_interpolated.pkl,1,1200,0.22637129012201793,0.06330777707838892,0.012858512501228077,0.10084585990054497,0.6315654624647707,0.6267843239034518,-0.14248483794775368,0.15435038031043224,0.2332570651165667,-0.07890668480613444,0.00500896666872797,0.08391565147486241
E2_Baseline,900,24,Group_1_peak_1200_Group_1_peak_1200_0_0-80_interpolated.pkl,1,1200,0.316079695735344,0.06697197839931883,0.012667525550937288,0.13190639989520006,0.4922170803533866,0.48681972789115646,-0.19073371965053182,0.1503926782511904,0.28210994991033334,-0.13171727165914293,0.00878115144394286,0.14049842310308577
E2_Baseline,900,6,Group_1_peak_2400_Group_1_peak_2400_0_0-80_interpolated.pkl,1,2400,0.1146386821089801,0.028671571291590894,0.008754825697861122,0.050688359699477374,0.7300316122233931,0.7271565495207668,-0.1197075714362323,0.21390142848308702,0.28755179024179084,-0.07365036175870382,0.0027827592604044277,0.07643312101910828
E2_Baseline,900,12,Group_1_peak_2400_Group_1_peak_2400_0_0-80_interpolated.pkl,1,2400,0.6256536503282579,0.1199823698623012,0.03895672880578843,0.26153091633211584,0.4545966493031114,0.450730185736566,-0.35106443561197515,0.1988745284769031,0.43386308824438813,-0.23498855976748503,0.0022880465029991963,0.2372766062704842
E2_Baseline,900,24,Group_1_peak_2400_Group_1_peak_2400_0_0-80_interpolated.pkl,1,2400,0.9523656988772963,0.15381405688937091,0.04304067004757236,0.38307347527141317,0.3369028997713873,0.33288948069241014,-0.4758769556613691,0.17506647702677633,0.5058437944468493,-0.330777317420073,0.00500896666872797,0.33578628408880096
E2_Baseline,900,6,Group_3_peak_3400_Group_3_peak_3400_0_0-80_interpolated.pkl,3,3400,0.15898400778071445,0.03430042965258407,0.012761163646880009,0.06868186702672617,0.7452471482889734,0.74302649930265,-0.1534989302561298,0.2661554634840146,0.3521118050831736,-0.08595634159915899,0.002597241976377466,0.08855358357553646
E2_Baseline,900,12,Group_3_peak_3400_Group_3_peak_3400_0_0-80_interpolated.pkl,3,3400,0.7964608248058193,0.15332973378166995,0.05447872680618913,0.33475642846455944,0.4934687953555878,0.49032493610806865,-0.4304736536469606,0.251252241667182,0.5060293117308763,-0.25477707006369427,0.002102529218972234,0.2568795992826665
E2_Baseline,900,24,Group_3_peak_3400_Group_3_peak_3400_0_0-80_interpolated.pkl,3,3400,0.5655700736268647,0.08138249091222569,0.026138612307215894,0.22436372561543547,0.44561056920607484,0.4421667287861846,-0.3610674224885598,0.2271968338383526,0.4906313771566384,-0.2634345433182858,0.007111495887700204,0.270546039205986
E4_pushforward,600,6,Group_1_peak_2600_Group_1_peak_2600_0_0-80_interpolated.pkl,1,2600,0.09779036028907502,0.02468109413046326,0.011390506376130795,0.044620653598556353,0.7583592534992224,0.7559874361994503,-0.11785916979566044,0.24203821656050956,0.311112485313215,-0.06907426875270545,0.0038958629645661986,0.07297013171727165
E4_pushforward,600,12,Group_1_peak_2600_Group_1_peak_2600_0_0-80_interpolated.pkl,1,2600,0.5894644907378869,0.11597105601671341,0.04116626015692424,0.24886726897050818,0.48835041938490215,0.48492159227985526,-0.3581624343925855,0.22732051202770392,0.45779481788386617,-0.23047430585616224,0.003586667491187929,0.23406097334735018
E4_pushforward,600,24,Group_1_peak_2600_Group_1_peak_2600_0_0-80_interpolated.pkl,1,2600,0.9885381229002281,0.17400098896367588,0.05013373253480998,0.404224281466238,0.3581741965533302,0.35441555399390956,-0.520488970900841,0.19095912435841939,0.5241481664708428,-0.33318904211242345,0.003834023869890545,0.337023065982314
E4_pushforward,600,6,Group_2_peak_1000_Group_2_peak_1000_0_0-80_interpolated.pkl,2,1000,0.04310409438667396,0.01603561211361307,0.0034737444117953725,0.02087115030402747,0.7859259259259259,0.7818867924528302,-0.01640208763710887,0.1567002659081071,0.13530393915033084,0.02139632675777625,0.028569661740152123,0.007173334982375858
E4_pushforward,600,12,Group_2_peak_1000_Group_2_peak_1000_0_0-80_interpolated.pkl,2,1000,0.2186147007632382,0.0577052937910804,0.009810040285460621,0.09537667827992641,0.673235294117647,0.6683582089552239,-0.13001822139652,0.17599406344691113,0.16962463669531877,0.006369426751592355,0.037536330468121944,0.03116690371652959
E4_pushforward,600,24,Group_2_peak_1000_Group_2_peak_1000_0_0-80_interpolated.pkl,2,1000,0.1529271771648841,0.03620188057812115,0.007750907054210236,0.06562665493240517,0.5931932996543472,0.587712206952304,-0.08210204187376322,0.18916579061282543,0.17519015521612763,0.0139756353966978,0.054294725125224166,0.040319089728526374
E4_pushforward,600,6,Group_2_peak_1200_Group_2_peak_1200_0_0-80_interpolated.pkl,2,1200,0.039897863674716434,0.016405211175771137,0.002613691730426369,0.01963892219363798,0.8763548775592132,0.8738222040147481,-0.039138013596629384,0.14340486055284152,0.13944715849359965,0.003957702059241869,0.011502071609671635,0.007544369550429782
E4_pushforward,600,12,Group_2_peak_1200_Group_2_peak_1200_0_0-80_interpolated.pkl,2,1200,0.25081045597317686,0.06777132749410522,0.013237766119602238,0.11060651652896143,0.6295625161791354,0.6247049567269867,-0.16995001661925668,0.15793704780162018,0.22515614371405604,-0.06721909591243586,0.010636324284212479,0.07785542019664832
E4_pushforward,600,24,Group_2_peak_1200_Group_2_peak_1200_0_0-80_interpolated.pkl,2,1200,0.1830201053160831,0.042988962110675315,0.009466173851362154,0.07849174709270686,0.5864474339810662,0.5812310797174571,-0.14801259778306847,0.15787520870694452,0.2297322367200544,-0.07185702801310989,0.015397934574237833,0.08725496258734772
E4_pushforward,600,6,Group_2_peak_1600_Group_2_peak_1600_0_0-80_interpolated.pkl,2,1600,0.07448911519897747,0.020941650480924823,0.0034184592849831152,0.032949741654961805,0.8066801619433198,0.803363074811256,-0.07476328429364294,0.16238946261826726,0.16257497990229422,-0.00018551728402696477,0.017624141982561375,0.017809659266588337
E4_pushforward,600,12,Group_2_peak_1600_Group_2_peak_1600_0_0-80_interpolated.pkl,2,1600,0.36140879284305266,0.08661398113383831,0.022130447668001017,0.15671774054829732,0.5576694411414982,0.5532425940752602,-0.2288093305048389,0.17574670706820852,0.3041246676148661,-0.1283779605466576,0.004823449384701008,0.1332014099313586
E4_pushforward,600,24,Group_2_peak_1600_Group_2_peak_1600_0_0-80_interpolated.pkl,2,1600,0.33730602393739983,0.06651768750818718,0.016041895476388162,0.13995520230732508,0.5137798868406643,0.5093018972186406,-0.2225913612234092,0.1760559025415868,0.33065363923072166,-0.15459773668913487,0.005070805763403624,0.1596685424525385
E4_pushforward,600,6,Group_4_peak_2000_Group_4_peak_2000_0_0-80_interpolated.pkl,4,2000,0.032412798362659506,0.01713057085201135,0.0030791177186435667,0.017540828977771473,0.8465855940130963,0.842911877394636,-0.03522137278683678,0.11464968152866242,0.12330715478325398,-0.008657473254591555,0.005812874899511471,0.014470348154103025
E4_pushforward,600,12,Group_4_peak_2000_Group_4_peak_2000_0_0-80_interpolated.pkl,4,2000,0.9598401765349526,0.23320906371844563,0.048935988140141475,0.4139950761311799,0.43842062193126025,0.4326167837949566,-0.3624800593075567,0.13944715849359965,0.2891596067033579,-0.14971244820975824,0.01001793333745594,0.15973038154721414
E4_pushforward,600,24,Group_4_peak_2000_Group_4_peak_2000_0_0-80_interpolated.pkl,4,2000,0.3326988065012021,0.0688518250918891,0.016483629048201325,0.1393447535470975,0.46055825242718446,0.455046996322027,-0.21086433782890668,0.1455692288664894,0.2947869643188424,-0.14921773545235298,0.007853565023808051,0.15707130047616102
E4_pushforward,600,6,Group_1_peak_1200_Group_1_peak_1200_0_0-80_interpolated.pkl,1,1200,0.024339896244297866,0.011228771865801459,0.00245235322245157,0.012673673777516964,0.8636537725009575,0.8609918000780945,-0.022401202610358627,0.15422670212108094,0.14049842310308577,0.01372827901799517,0.01787149836126399,0.0041432193432688145
E4_pushforward,600,12,Group_1_peak_1200_Group_1_peak_1200_0_0-80_interpolated.pkl,1,1200,0.2190954570278788,0.05975545723978239,0.012800080049289257,0.09721699810565014,0.6538557524332418,0.649481930755623,-0.1588056636397718,0.17036670583142663,0.2332570651165667,-0.06289035928514006,0.01144023251499598,0.07433059180013604
E4_pushforward,600,24,Group_1_peak_1200_Group_1_peak_1200_0_0-80_interpolated.pkl,1,1200,0.30179330033095486,0.07377980255401616,0.01604289629944096,0.130538666394804,0.5950207468879668,0.5907756813417191,-0.20043980036601014,0.18712510048852884,0.28210994991033334,-0.09498484942180449,0.012862531692536022,0.10784738111434049
E4_pushforward,600,6,Group_1_peak_2400_Group_1_peak_2400_0_0-80_interpolated.pkl,1,2400,0.08981045946477006,0.021281531494652325,0.006158128676557347,0.03908337321199325,0.7955537087055891,0.7934075162712576,-0.09497379809922082,0.24067775647764517,0.28755179024179084,-0.04687403376414567,0.006987817698348896,0.05386185146249459
E4_pushforward,600,12,Group_1_peak_2400_Group_1_peak_2400_0_0-80_interpolated.pkl,1,2400,0.4984654748855721,0.09588749466629037,0.03194943610167712,0.20876746855117986,0.5509123833402981,0.5477626595595455,-0.297860681350875,0.24846948240677758,0.43386308824438813,-0.18539360583761055,0.006987817698348896,0.19238142353595944
E4_pushforward,600,24,Group_1_peak_2400_Group_1_peak_2400_0_0-80_interpolated.pkl,1,2400,0.7025323923529775,0.12988619874341173,0.03866162897993466,0.2903600733587746,0.4797872340425532,0.47669441141498214,-0.3752401096097953,0.2621359223300971,0.5058437944468493,-0.24370787211675227,0.014222991775400408,0.25793086389215264
E4_pushforward,600,6,Group_3_peak_3400_Group_3_peak_3400_0_0-80_interpolated.pkl,3,3400,0.12040455164090433,0.02671800984244005,0.01030767038914649,0.052476743957496956,0.7754823288372887,0.7735491648011021,-0.13016588941044152,0.28476903098138645,0.3521118050831736,-0.06734277410178713,0.006987817698348896,0.07433059180013604
E4_pushforward,600,12,Group_3_peak_3400_Group_3_peak_3400_0_0-80_interpolated.pkl,3,3400,0.7210430135387128,0.14273792558909199,0.05034929326541502,0.30471007746440665,0.5301636602556445,0.5272836538461538,-0.41092966141163195,0.2797600643126585,0.5060293117308763,-0.2262692474182178,0.00847195597056459,0.23474120338878238
E4_pushforward,600,24,Group_3_peak_3400_Group_3_peak_3400_0_0-80_interpolated.pkl,3,3400,0.5114256969701639,0.0816297769811059,0.024441814646005425,0.20583242953242512,0.48058429701765065,0.4774035517452541,-0.34794557724862407,0.25533362191577513,0.4906313771566384,-0.23529775524086327,0.014284830870076062,0.24958258611093934
E4_pushforward,700,6,Group_1_peak_2600_Group_1_peak_2600_0_0-80_interpolated.pkl,1,2600,0.023356926219264346,0.0077053752490469155,0.005519224968045902,0.012193842145452388,0.8469613259668508,0.8455390334572491,-0.04128983971596531,0.30288788572135306,0.311112485313215,-0.008224599591861947,0.021581844041803227,0.029806443633665202
E4_pushforward,700,12,Group_1_peak_2600_Group_1_peak_2600_0_0-80_interpolated.pkl,1,2600,0.2685865934379238,0.05930281432044446,0.03096538435999819,0.11961826403945548,0.6846635367762128,0.6825938566552902,-0.22662233113579092,0.3348586976686661,0.45779481788386617,-0.12293612021520006,0.0132954053552656,0.13623152557046564
E4_pushforward,700,24,Group_1_peak_2600_Group_1_peak_2600_0_0-80_interpolated.pkl,1,2600,0.5645170572756134,0.0990733251429386,0.03876051481254238,0.23411696574369814,0.5695168972556135,0.5670620437956204,-0.35699108478333125,0.32552099437264237,0.5241481664708428,-0.19862717209820047,0.018057015645290952,0.21668418774349144
E4_pushforward,700,6,Group_2_peak_1000_Group_2_peak_1000_0_0-80_interpolated.pkl,2,1000,0.05581733140180002,0.011978168226525898,0.002604565334120186,0.02346668832081537,0.7875,0.7836363636363637,0.03298472172769734,0.16801682023375178,0.13530393915033084,0.032712881083420936,0.03475357120771752,0.0020406901242965804
E4_pushforward,700,12,Group_2_peak_1000_Group_2_peak_1000_0_0-80_interpolated.pkl,2,1000,0.12203684136512144,0.02384540688137637,0.005947517975384027,0.05060992207396062,0.5441081777205409,0.5391625081362551,-0.012339796208176481,0.2690619009337703,0.16962463669531877,0.09943726423845153,0.11539175066477027,0.01595448642631872
E4_pushforward,700,24,Group_2_peak_1000_Group_2_peak_1000_0_0-80_interpolated.pkl,2,1000,0.13212525813709777,0.02498614198696215,0.005499997689829494,0.054203799271296475,0.5420771756978654,0.537328909166321,0.03417575461812426,0.28322305361449507,0.17519015521612763,0.10803289839836744,0.1229979593098757,0.014965060911508255
E4_pushforward,700,6,Group_2_peak_1200_Group_2_peak_1200_0_0-80_interpolated.pkl,2,1200,0.03959233045666186,0.009475358095993288,0.001812323470427831,0.01696000400769433,0.8384101040118871,0.8353520060560181,0.00011489325128189302,0.16041061158864633,0.13944715849359965,0.020963453095046686,0.023931729639478077,0.0029682765444313895
E4_pushforward,700,12,Group_2_peak_1200_Group_2_peak_1200_0_0-80_interpolated.pkl,2,1200,0.18252754987439895,0.03418328444300179,0.009318016295867496,0.07534295020442273,0.6366883799117462,0.6328307496283712,-0.04871865349719405,0.25032465524704717,0.22515614371405604,0.025168511532991128,0.06604415311359842,0.04087564158060726
E4_pushforward,700,24,Group_2_peak_1200_Group_2_peak_1200_0_0-80_interpolated.pkl,2,1200,0.1812230334624661,0.04346931202610652,0.009300880022957828,0.07799774183717682,0.6392027943291555,0.6354577537886651,-0.022529508163605952,0.2574361511347474,0.2297322367200544,0.02770391441469297,0.06814668233257065,0.04044276791787768
E4_pushforward,700,6,Group_2_peak_1600_Group_2_peak_1600_0_0-80_interpolated.pkl,2,1600,0.03689399486904358,0.008214900473339639,0.0017384171794542855,0.015615770840612499,0.8103557814485387,0.8072950290510007,-0.026445409199072605,0.18366211118669223,0.16257497990229422,0.021087131284398014,0.029002535402881703,0.007915404118483705
E4_pushforward,700,12,Group_2_peak_1600_Group_2_peak_1600_0_0-80_interpolated.pkl,2,1600,0.18784879812137836,0.03926935432254423,0.01597670840946612,0.08103162028446291,0.5911489361702128,0.5876394849785408,-0.11651829108628099,0.2677632799455816,0.3041246676148661,-0.03636138766928454,0.05608805887081813,0.09244944654010265
E4_pushforward,700,24,Group_2_peak_1600_Group_2_peak_1600_0_0-80_interpolated.pkl,2,1600,0.22955172518416347,0.04027139642297112,0.010288667919867696,0.09337059650900077,0.574685534591195,0.5713153724247226,-0.11958250428284042,0.2824809844783872,0.33065363923072166,-0.048172654752334454,0.059551048172654754,0.10772370292498917
E4_pushforward,700,6,Group_4_peak_2000_Group_4_peak_2000_0_0-80_interpolated.pkl,4,2000,0.017219730641042066,0.008925814058936167,0.0019748842006340494,0.009373476300204095,0.8807464724624487,0.8779692594317653,-0.014013598841157106,0.12602807494898274,0.12330715478325398,0.0027209201657287657,0.009461381485375054,0.0067404613196462805
E4_pushforward,700,12,Group_4_peak_2000_Group_4_peak_2000_0_0-80_interpolated.pkl,4,2000,0.6286509422967267,0.15001877032348046,0.036710234726567315,0.2717933157822581,0.5507668413900213,0.5463634581454617,-0.28515172076943296,0.1986271720982005,0.2891596067033579,-0.09053243460515739,0.026281615237152927,0.11681404984231031
E4_pushforward,700,24,Group_4_peak_2000_Group_4_peak_2000_0_0-80_interpolated.pkl,4,2000,0.2003213861047112,0.03862086613424285,0.00986260136757278,0.0829349512021756,0.563459108142264,0.5594826015667699,-0.10524521737408014,0.23455568610475544,0.2947869643188424,-0.06023127821408694,0.04464782635582215,0.10487910456990909
E4_pushforward,700,6,Group_1_peak_1200_Group_1_peak_1200_0_0-80_interpolated.pkl,1,1200,0.02970309628465587,0.009372334462061071,0.0018023578030982833,0.013625929516605073,0.8175965665236051,0.8142753095411508,0.004977488516286871,0.1675839465710222,0.14049842310308577,0.02708552346793644,0.029311730876259972,0.002226207408323542
E4_pushforward,700,12,Group_1_peak_1200_Group_1_peak_1200_0_0-80_interpolated.pkl,1,1200,0.18664762985837136,0.03540458204184518,0.008807831694732655,0.07695334786498306,0.6326903553299492,0.6289230769230769,-0.05650994537506377,0.2578071857028013,0.2332570651165667,0.024550120586234625,0.0682085214272463,0.04365840084101169
E4_pushforward,700,24,Group_1_peak_1200_Group_1_peak_1200_0_0-80_interpolated.pkl,1,1200,0.1890045154728147,0.03720978840463568,0.008641781605299709,0.07828536182758336,0.6528055202469584,0.6496243357155946,-0.09928787511691455,0.2745655803599035,0.28210994991033334,-0.007544369550429808,0.055345989734710284,0.06289035928514007
E4_pushforward,700,6,Group_1_peak_2400_Group_1_peak_2400_0_0-80_interpolated.pkl,1,2400,0.04227184605589631,0.008827690131096081,0.004998690690172393,0.01869940895905493,0.8383918013401656,0.8367834394904459,-0.04092555370145631,0.2830993754251438,0.28755179024179084,-0.004452414816647043,0.023127821408694578,0.02758023622534166
E4_pushforward,700,12,Group_1_peak_2400_Group_1_peak_2400_0_0-80_interpolated.pkl,1,2400,0.30361883167920106,0.05996905394920864,0.027295435831500046,0.1302944404866366,0.6842245277999468,0.6821103374397429,-0.203120138625858,0.3429596190711768,0.43386308824438813,-0.09090346917321135,0.027951270793395586,0.11885473996660689
E4_pushforward,700,24,Group_1_peak_2400_Group_1_peak_2400_0_0-80_interpolated.pkl,1,2400,0.45827305318394773,0.08200938239254561,0.03189574909363056,0.190726061556708,0.5980085677897418,0.5956678700361011,-0.28772595425452974,0.3414754807989611,0.5058437944468493,-0.16436831364788823,0.025168511532991156,0.18953682518087936
E4_pushforward,700,6,Group_3_peak_3400_Group_3_peak_3400_0_0-80_interpolated.pkl,3,3400,0.03192593933489243,0.008114424987574744,0.004827415439030522,0.014955926587165899,0.8617496279146685,0.8605969651492413,-0.05486018446408695,0.33788881330777315,0.3521118050831736,-0.014222991775400429,0.018737245686723147,0.03296023746212355
E4_pushforward,700,12,Group_3_peak_3400_Group_3_peak_3400_0_0-80_interpolated.pkl,3,3400,0.39533865082912095,0.08038988514343946,0.03602992337518108,0.17058615311591385,0.6985320023487962,0.6967155009451795,-0.27980577934651535,0.3820419269061901,0.5060293117308763,-0.12398738482468619,0.01737678560385876,0.14136417042854493
E4_pushforward,700,24,Group_3_peak_3400_Group_3_peak_3400_0_0-80_interpolated.pkl,3,3400,0.2616943088475527,0.054112636268454875,0.020866069527975126,0.1122243382146609,0.6401818834509991,0.6380161309738774,-0.22251261300128317,0.35081318409498485,0.4906313771566384,-0.13981819306165355,0.023065982314018924,0.1628841753756725
E4_pushforward,800,6,Group_1_peak_2600_Group_1_peak_2600_0_0-80_interpolated.pkl,1,2600,0.02210407259431636,0.006885872362221732,0.006162011569002791,0.011717318841846963,0.8515151515151516,0.850095602294455,-0.05188194361240801,0.2872425947684126,0.311112485313215,-0.02386989054480243,0.012305979840455136,0.03617587038525756
E4_pushforward,800,12,Group_1_peak_2600_Group_1_peak_2600_0_0-80_interpolated.pkl,1,2600,0.2279199471589508,0.05120258145525752,0.03112349370863064,0.10341534077427966,0.6888624653190646,0.6867934565766725,-0.23086155506964628,0.32651041988745283,0.45779481788386617,-0.13128439799641334,0.007173334982375858,0.1384577329787892
E4_pushforward,800,24,Group_1_peak_2600_Group_1_peak_2600_0_0-80_interpolated.pkl,1,2600,0.5708252826023301,0.09538821941268032,0.03929791540447579,0.23517047247316206,0.5528829554609276,0.5502951730524366,-0.38763839516920723,0.30406282852019045,0.5241481664708428,-0.22008533795065238,0.010079772432131593,0.230165110382784
E4_pushforward,800,6,Group_2_peak_1000_Group_2_peak_1000_0_0-80_interpolated.pkl,2,1000,0.04424817811074467,0.012473031957469023,0.0028098746831078164,0.01984369491710717,0.8441904761904762,0.8411650485436893,0.041257629337915866,0.15787520870694452,0.13530393915033084,0.022571269556613677,0.023931729639478077,0.0013604600828643868
E4_pushforward,800,12,Group_2_peak_1000_Group_2_peak_1000_0_0-80_interpolated.pkl,2,1000,0.09828864976960301,0.020926120792389386,0.004581705854583089,0.041265492138858495,0.6930388593793682,0.6886872696342501,-0.0477304508746367,0.19868901119287613,0.16962463669531877,0.02906437449755736,0.0484818502257127,0.019417475728155338
E4_pushforward,800,24,Group_2_peak_1000_Group_2_peak_1000_0_0-80_interpolated.pkl,2,1000,0.0781310952381411,0.014330655487026684,0.0039058267195735343,0.032122525814913774,0.6937446928955562,0.6893482629916738,-0.03494143991728055,0.1886710778554202,0.17519015521612763,0.01348092263929257,0.040195411539175066,0.026714488899882507
E4_pushforward,800,6,Group_2_peak_1200_Group_2_peak_1200_0_0-80_interpolated.pkl,2,1200,0.0274761784548472,0.008922620643274277,0.0022420519863011554,0.012880283694807544,0.8563283922462942,0.8535451375435877,-0.016566060881071827,0.15639107043472883,0.13944715849359965,0.01694391194112918,0.020159544864263187,0.0032156329231340054
E4_pushforward,800,12,Group_2_peak_1200_Group_2_peak_1200_0_0-80_interpolated.pkl,2,1200,0.14637189151884786,0.0296123901111338,0.008476159499409079,0.06148681370979691,0.690843373493976,0.6870731707317074,-0.09447767373162219,0.20258487415744234,0.22515614371405604,-0.022571269556613704,0.028384144456125162,0.050955414012738856
E4_pushforward,800,24,Group_2_peak_1200_Group_2_peak_1200_0_0-80_interpolated.pkl,2,1200,0.1516619863264394,0.027062482978483116,0.0065928804728917515,0.06177244992593809,0.6110741971207088,0.6067189249720045,-0.049557165049509924,0.21390142848308702,0.2297322367200544,-0.015830808236967392,0.046379321006740463,0.06221012924370787
E4_pushforward,800,6,Group_2_peak_1600_Group_2_peak_1600_0_0-80_interpolated.pkl,2,1600,0.02258951128109685,0.006049932085502134,0.001343615530392874,0.009994352965663953,0.8595543551654288,0.8571428571428571,-0.012490176098900038,0.17185084410364232,0.16257497990229422,0.0092758642013481,0.017500463793210068,0.008224599591861975
E4_pushforward,800,12,Group_2_peak_1600_Group_2_peak_1600_0_0-80_interpolated.pkl,2,1600,0.15211539679428399,0.035333553705037914,0.01539081681187681,0.06761325577039957,0.6479062620053784,0.6444918541505043,-0.13758704879201195,0.2202090161400037,0.3041246676148661,-0.08391565147486241,0.01471770453280564,0.09863335600766805
E4_pushforward,800,24,Group_2_peak_1600_Group_2_peak_1600_0_0-80_interpolated.pkl,2,1600,0.21892156966619405,0.03311693381769357,0.010112176913248597,0.08738356013237875,0.5576622021221082,0.553781365151781,-0.16023234107352669,0.21693154412219406,0.33065363923072166,-0.1137220951085276,0.021767361325830188,0.1354894564343578
E4_pushforward,800,6,Group_4_peak_2000_Group_4_peak_2000_0_0-80_interpolated.pkl,4,2000,0.017082057271399373,0.007791968547758494,0.0019905274694172557,0.008954851096191707,0.9007421150278293,0.8983855650522318,-0.01010013887224816,0.12392554573001051,0.12330715478325398,0.0006183909467565307,0.006925978603673243,0.006307587656916702
E4_pushforward,800,12,Group_4_peak_2000_Group_4_peak_2000_0_0-80_interpolated.pkl,4,2000,0.6341082422790039,0.14230692452764765,0.03364006703738557,0.2700184112813457,0.5379419944378228,0.53330658105939,-0.2860135125668635,0.1834147548079896,0.2891596067033579,-0.10574485189536828,0.019046441160101416,0.12479129305546967
E4_pushforward,800,24,Group_4_peak_2000_Group_4_peak_2000_0_0-80_interpolated.pkl,4,2000,0.20667589009138823,0.032500795541452195,0.00907503545923601,0.08275057369735882,0.5421042581630705,0.5376903797956429,-0.13517616955603395,0.19844165481417353,0.2947869643188424,-0.09634530950466885,0.025972419763774658,0.1223177292684435
E4_pushforward,800,6,Group_1_peak_1200_Group_1_peak_1200_0_0-80_interpolated.pkl,1,1200,0.024198208294965943,0.00734624061965425,0.0019453926072316434,0.011163280507283947,0.8484288354898336,0.8455743879472694,0.011438217007393637,0.16251314080761858,0.14049842310308577,0.02201471770453281,0.023684373260775462,0.0016696555562426567
E4_pushforward,800,12,Group_1_peak_1200_Group_1_peak_1200_0_0-80_interpolated.pkl,1,1200,0.10454349285018032,0.025658367741579723,0.007268767132886666,0.04582354257488223,0.7107571560480148,0.7073797290985521,-0.05985253263099259,0.21884855605713932,0.2332570651165667,-0.014408509059427366,0.03153793828458351,0.045946447344010884
E4_pushforward,800,24,Group_1_peak_1200_Group_1_peak_1200_0_0-80_interpolated.pkl,1,1200,0.18272526133973155,0.03455970678563448,0.00935917984702969,0.07554804932413191,0.6119976927513939,0.6082314113764318,-0.1097912815814189,0.230165110382784,0.28210994991033334,-0.05194483952754933,0.036423226763960176,0.08836806629150949
E4_pushforward,800,6,Group_1_peak_2400_Group_1_peak_2400_0_0-80_interpolated.pkl,1,2400,0.04568521703984173,0.015044775657009481,0.007594581597419544,0.022774858098090253,0.8237831176833025,0.8219547623988379,-0.06343197222506725,0.2553954610104508,0.28755179024179084,-0.03215632923134004,0.010450807000185518,0.04260713623152557
E4_pushforward,800,12,Group_1_peak_2400_Group_1_peak_2400_0_0-80_interpolated.pkl,1,2400,0.2765667802116724,0.06577217215866185,0.0323896928951135,0.12490954842181594,0.6249650935492879,0.6223284589426322,-0.24400390262661556,0.27963638612330716,0.43386308824438813,-0.15422670212108097,0.005936553088862779,0.16016325520994373
E4_pushforward,800,24,Group_1_peak_2400_Group_1_peak_2400_0_0-80_interpolated.pkl,1,2400,0.5418406041949205,0.10210637584183516,0.03815716148642661,0.22736804717439407,0.49328579916815213,0.49025702331141663,-0.3693377975040195,0.2650423597798528,0.5058437944468493,-0.24080143466699655,0.01144023251499598,0.2522416671819925
E4_pushforward,800,6,Group_3_peak_3400_Group_3_peak_3400_0_0-80_interpolated.pkl,3,3400,0.047061502999639765,0.01375285512994506,0.005907163360147966,0.02224050716324426,0.8639386189258312,0.8627687016337059,-0.08240421703976254,0.31772926844350996,0.3521118050831736,-0.03438253663966362,0.007482530455754127,0.04186506709541772
E4_pushforward,800,12,Group_3_peak_3400_Group_3_peak_3400_0_0-80_interpolated.pkl,3,3400,0.4716563299454445,0.0950532522143925,0.040406229110640644,0.20237193709015922,0.6542089552238806,0.652090341182124,-0.32317799320542945,0.34438191824871683,0.5060293117308763,-0.16164739348215945,0.008719312349267207,0.17036670583142663
E4_pushforward,800,24,Group_3_peak_3400_Group_3_peak_3400_0_0-80_interpolated.pkl,3,3400,0.38736674153926764,0.06515715510523903,0.02328602580720819,0.15860330748390494,0.6013119533527697,0.5988755805426547,-0.2781350971646775,0.31834765939026655,0.4906313771566384,-0.17228371776637186,0.01533609547956218,0.18761981324593408
E4_pushforward,850,6,Group_1_peak_2600_Group_1_peak_2600_0_0-80_interpolated.pkl,1,2600,0.018576976506634507,0.005391971821879623,0.004544694214092937,0.009504547514202355,0.8590986879634912,0.8577462084853139,-0.03631139251254174,0.28730443386308824,0.311112485313215,-0.023808051450126766,0.011007358852266403,0.03481541030239317
E4_pushforward,850,12,Group_1_peak_2600_Group_1_peak_2600_0_0-80_interpolated.pkl,1,2600,0.23723100284336088,0.0502641555810589,0.029428584818745378,0.10564124774772171,0.6857445680975093,0.6836489730594826,-0.21285762200660133,0.32286191330158925,0.45779481788386617,-0.1349329045822769,0.005874713994187125,0.14080761857646404
E4_pushforward,850,24,Group_1_peak_2600_Group_1_peak_2600_0_0-80_interpolated.pkl,1,2600,0.535283512552398,0.09164444137157486,0.03809859452537449,0.22167551614978245,0.5711321189762508,0.5686456400742115,-0.35573183790620555,0.31241110630140373,0.5241481664708428,-0.2117370601694391,0.009152186011996785,0.2208892461814359
E4_pushforward,850,6,Group_2_peak_1000_Group_2_peak_1000_0_0-80_interpolated.pkl,2,1000,0.0502528718655125,0.01490550887171694,0.0032651663972922576,0.022807849044840563,0.8870512303348125,0.8847262247838616,0.044870936253555746,0.14779543627481292,0.13530393915033084,0.012491497124482082,0.014903221816832601,0.002411724692350504
E4_pushforward,850,12,Group_2_peak_1000_Group_2_peak_1000_0_0-80_interpolated.pkl,2,1000,0.0693332134552999,0.018831257049406285,0.0035824743361879316,0.030582314946964704,0.7427338129496402,0.738978102189781,0.008979998819682514,0.19868901119287613,0.16962463669531877,0.02906437449755736,0.042174262568795993,0.013109888071238637
E4_pushforward,850,24,Group_2_peak_1000_Group_2_peak_1000_0_0-80_interpolated.pkl,2,1000,0.1176189525605659,0.025715546342833035,0.004640457177776515,0.049324985360391815,0.7053952991452992,0.7014076881429345,0.059903690290247585,0.21346855482035743,0.17519015521612763,0.038278399604229796,0.05324346051573805,0.014965060911508255
E4_pushforward,850,6,Group_2_peak_1200_Group_2_peak_1200_0_0-80_interpolated.pkl,2,1200,0.030099710044254137,0.00818916878590321,0.0019409804966752206,0.01340995310894419,0.9107215654300856,0.9088639200998752,-0.01784628187008186,0.144208768783625,0.13944715849359965,0.004761610290025364,0.009152186011996785,0.00439057572197143
E4_pushforward,850,12,Group_2_peak_1200_Group_2_peak_1200_0_0-80_interpolated.pkl,2,1200,0.126038079255313,0.025753844755819644,0.007146060018500628,0.05297932800987776,0.7317362428842504,0.728516562650024,-0.04898863715693796,0.22014717704532805,0.22515614371405604,-0.005008966668727993,0.03246552470471832,0.03747449137344629
E4_pushforward,850,24,Group_2_peak_1200_Group_2_peak_1200_0_0-80_interpolated.pkl,2,1200,0.12591407502157564,0.027067026188393847,0.005616119031091313,0.05286574008035361,0.6873751941424451,0.6838680726946377,-0.020798353204980174,0.23437016882072848,0.2297322367200544,0.004637932100674064,0.045884608249335226,0.041246676148661184
E4_pushforward,850,6,Group_2_peak_1600_Group_2_peak_1600_0_0-80_interpolated.pkl,2,1600,0.032819505008871055,0.007805022986422277,0.001568836225797239,0.014064454740363524,0.8798724309000708,0.8777056277056277,-0.026240463403092343,0.15929750788448457,0.16257497990229422,-0.003277472017809646,0.008842990538618515,0.012120462556428175
E4_pushforward,850,12,Group_2_peak_1600_Group_2_peak_1600_0_0-80_interpolated.pkl,2,1600,0.15837130842278233,0.03164309394769642,0.01319774072247565,0.0677373810309848,0.7202578628638406,0.7174985204182285,-0.11666611762327236,0.23424649063137715,0.3041246676148661,-0.06987817698348897,0.009337703296023746,0.07921588027951271
E4_pushforward,850,24,Group_2_peak_1600_Group_2_peak_1600_0_0-80_interpolated.pkl,2,1600,0.17713329421946278,0.03356058814201971,0.008957464147357755,0.07321711550294675,0.6985852311939268,0.6959624086320919,-0.07886051684922082,0.2719683383835261,0.33065363923072166,-0.05868530084719559,0.024673798775585926,0.08335909962278153
E4_pushforward,850,6,Group_4_peak_2000_Group_4_peak_2000_0_0-80_interpolated.pkl,4,2000,0.01510249887907818,0.007378242030829805,0.0017829366389309753,0.008087892516279654,0.898186889818689,0.8957639219419324,-0.009247033761609324,0.1229979593098757,0.12330715478325398,-0.00030919547337827924,0.006616783130294972,0.006925978603673243
E4_pushforward,850,12,Group_4_peak_2000_Group_4_peak_2000_0_0-80_interpolated.pkl,4,2000,0.5330323981321662,0.1359439474074559,0.03161498060239374,0.2335304420473386,0.578728707935189,0.5743073047858942,-0.25737811659374804,0.17463360336404676,0.2891596067033579,-0.11452600333931112,0.005441840331457547,0.11996784367076865
E4_pushforward,850,24,Group_4_peak_2000_Group_4_peak_2000_0_0-80_interpolated.pkl,4,2000,0.1676320370051088,0.03325974675233672,0.00784086025888478,0.06957754800544344,0.5756855575868373,0.5717712177121771,-0.047781940677466606,0.23202028322305362,0.2947869643188424,-0.06276668109578876,0.04038092882320203,0.10314760991899079
E4_pushforward,850,6,Group_1_peak_1200_Group_1_peak_1200_0_0-80_interpolated.pkl,1,1200,0.026662323069534234,0.007721642386147574,0.001556136754802205,0.011980034070161337,0.9133386581469649,0.9115729421352893,0.0074656642616351705,0.1495887700204069,0.14049842310308577,0.009090346917321135,0.011254715230969018,0.0021643683136478883
E4_pushforward,850,12,Group_1_peak_1200_Group_1_peak_1200_0_0-80_interpolated.pkl,1,1200,0.11159341083385989,0.02179397359139498,0.005866990285183701,0.04641812490347952,0.7594036697247707,0.7566125290023202,-0.03570530220113359,0.23492672067280934,0.2332570651165667,0.0016696555562426552,0.03326943293550182,0.03159977737925917
E4_pushforward,850,24,Group_1_peak_1200_Group_1_peak_1200_0_0-80_interpolated.pkl,1,1200,0.1590405505207049,0.028046480164018193,0.0069506417924563284,0.06467922415905981,0.7170976456966422,0.7143413873733437,-0.05355891387601648,0.26195040504607014,0.28210994991033334,-0.02015954486426319,0.03524828396512275,0.05540782882938594
E4_pushforward,850,6,Group_1_peak_2400_Group_1_peak_2400_0_0-80_interpolated.pkl,1,2400,0.05088355217596088,0.013011523672279543,0.004080663170036736,0.022658579672759055,0.857288897975874,0.8558149142739103,-0.046584412115534754,0.26801063632428423,0.28755179024179084,-0.019541153917506604,0.011811267083049904,0.03135242100055655
E4_pushforward,850,12,Group_1_peak_2400_Group_1_peak_2400_0_0-80_interpolated.pkl,1,2400,0.2709928128563833,0.05651815586327595,0.02681019467558524,0.11810705446508152,0.6961189099917423,0.6940133037694013,-0.19510916774240925,0.3220580050708058,0.43386308824438813,-0.11180508317358234,0.01236781893513079,0.12417290210871312
E4_pushforward,850,24,Group_1_peak_2400_Group_1_peak_2400_0_0-80_interpolated.pkl,1,2400,0.47648189235683025,0.08916207662626371,0.032610080903826597,0.19941801662897352,0.5845824411134903,0.582096696984203,-0.31765082217008844,0.3116690371652959,0.5058437944468493,-0.19417475728155342,0.010883680662915094,0.20505843794446849
E4_pushforward,850,6,Group_3_peak_3400_Group_3_peak_3400_0_0-80_interpolated.pkl,3,3400,0.03455712571565621,0.010307895198084102,0.0055904216764005865,0.016818480863380298,0.8728943338437979,0.8718036725587781,-0.060929678018810676,0.32236720054418405,0.3521118050831736,-0.029744604538989527,0.008224599591861975,0.037969204130851524
E4_pushforward,850,12,Group_3_peak_3400_Group_3_peak_3400_0_0-80_interpolated.pkl,3,3400,0.40618125173375663,0.08377761850226544,0.03925522992502466,0.17640470005368225,0.6988697204045211,0.6970313622216902,-0.2790582449388566,0.3706635334858698,0.5060293117308763,-0.1353657782450065,0.010574485189536825,0.1459402634345433
E4_pushforward,850,24,Group_3_peak_3400_Group_3_peak_3400_0_0-80_interpolated.pkl,3,3400,0.3032492645982308,0.0542897894737856,0.019201917134500025,0.12558032373550548,0.6495716181971763,0.6474444579337137,-0.21917328679136264,0.34852513759198567,0.4906313771566384,-0.14210623956465274,0.018737245686723147,0.16084348525137593
E4_pushforward,900,6,Group_1_peak_2600_Group_1_peak_2600_0_0-80_interpolated.pkl,1,2600,0.017181800952338067,0.005656055069016758,0.004901764645939205,0.009246540222431343,0.8542928393302458,0.8529834651329978,-0.016875788539041727,0.3264485807927772,0.311112485313215,0.015336095479562217,0.03296023746212355,0.017624141982561375
E4_pushforward,900,12,Group_1_peak_2600_Group_1_peak_2600_0_0-80_interpolated.pkl,1,2600,0.21545935400228086,0.049834414954662266,0.02926045030836788,0.09818473975510367,0.7359550561797753,0.7342585453610897,-0.19878355133224598,0.37678560385875953,0.45779481788386617,-0.08100921402510664,0.023437016882072847,0.10444623090717951
E4_pushforward,900,24,Group_1_peak_2600_Group_1_peak_2600_0_0-80_interpolated.pkl,1,2600,0.4984219503702534,0.09359624949913697,0.03932526872625717,0.21044782286521582,0.5971973094170404,0.5949267192784667,-0.34375253636911757,0.3506895059056335,0.5241481664708428,-0.1734586605652093,0.024364603302207657,0.19782326386741697
E4_pushforward,900,6,Group_2_peak_1000_Group_2_peak_1000_0_0-80_interpolated.pkl,2,1000,0.03571331714117017,0.01014685957077002,0.0023243997823352834,0.016061525498091825,0.8103763244428206,0.8068477856345366,0.03184801695792236,0.16492486549996907,0.13530393915033084,0.029620926349638227,0.03085770824315132,0.001236781893513079
E4_pushforward,900,12,Group_2_peak_1000_Group_2_peak_1000_0_0-80_interpolated.pkl,2,1000,0.12192244653768802,0.02233863955669288,0.004796510324159513,0.049685865472846806,0.6201911296250919,0.6154800297692881,-0.03240757319961273,0.23307154783253972,0.16962463669531877,0.06344691113722095,0.07964875394224229,0.016201842805021335
E4_pushforward,900,24,Group_2_peak_1000_Group_2_peak_1000_0_0-80_interpolated.pkl,2,1000,0.11843573704643,0.018216149696159152,0.004335096564073625,0.04699566110222093,0.5133157145761333,0.5083179297597042,0.01714492296805431,0.27895615608187496,0.17519015521612763,0.10376600086574733,0.12590439675963144,0.022138395893884114
E4_pushforward,900,6,Group_2_peak_1200_Group_2_peak_1200_0_0-80_interpolated.pkl,2,1200,0.025856525062294838,0.006847667070928947,0.0017426107127015973,0.011482267615308461,0.8349798755945848,0.8319045844204249,-0.003978603514719154,0.1644919918372395,0.13944715849359965,0.025044833343639855,0.02646713252117989,0.0014222991775400407
E4_pushforward,900,12,Group_2_peak_1200_Group_2_peak_1200_0_0-80_interpolated.pkl,2,1200,0.1581923040710532,0.02925047970276669,0.008251251796364505,0.06523134519006148,0.6820848375451264,0.6784573254221816,-0.07762059468918125,0.22967039762537877,0.22515614371405604,0.004514253911322735,0.045822769154659576,0.04130851524333684
E4_pushforward,900,24,Group_2_peak_1200_Group_2_peak_1200_0_0-80_interpolated.pkl,2,1200,0.14804285966781222,0.024462942923648246,0.005895071649298599,0.05946695808025302,0.6164725457570716,0.612442202606137,-0.052036111072193275,0.24469729763156267,0.2297322367200544,0.01496506091150826,0.06449817574670706,0.049533114835198816
E4_pushforward,900,6,Group_2_peak_1600_Group_2_peak_1600_0_0-80_interpolated.pkl,2,1600,0.030078702166377064,0.006892591233524496,0.001715100306850843,0.012895464568917466,0.8279674796747968,0.8251239669421487,-0.025415069634806327,0.1788386618019912,0.16257497990229422,0.016263681899696986,0.024488281491558964,0.008224599591861975
E4_pushforward,900,12,Group_2_peak_1600_Group_2_peak_1600_0_0-80_interpolated.pkl,2,1600,0.16006468597814696,0.036956399572628994,0.015920622812336256,0.07098056945437074,0.71529284164859,0.7126960963152135,-0.11420768901505782,0.2764825922948488,0.3041246676148661,-0.027642075320017334,0.03487724939706883,0.06251932471708614
E4_pushforward,900,24,Group_2_peak_1600_Group_2_peak_1600_0_0-80_interpolated.pkl,2,1600,0.24817221115614596,0.050111025891488026,0.014742012574190336,0.10434174987394144,0.5767330677290836,0.5733333333333334,-0.10525264531221012,0.2749984540226331,0.33065363923072166,-0.05565518520808854,0.054294725125224166,0.10994991033331272
E4_pushforward,900,6,Group_4_peak_2000_Group_4_peak_2000_0_0-80_interpolated.pkl,4,2000,0.02044508422204414,0.009181520586433548,0.002031560273958831,0.010552721694145506,0.8560837331007414,0.8528756130182791,0.0010368659024365086,0.13369612268876382,0.12330715478325398,0.010388967905509847,0.015397934574237833,0.00500896666872797
E4_pushforward,900,12,Group_4_peak_2000_Group_4_peak_2000_0_0-80_interpolated.pkl,4,2000,0.6627498415539083,0.1443760697519187,0.03446015875431513,0.2805286900200474,0.5533239606346656,0.5487928585920064,-0.2868669101903098,0.18292004205058437,0.2891596067033579,-0.10623956465277351,0.015645290952940448,0.12188485560571394
E4_pushforward,900,24,Group_4_peak_2000_Group_4_peak_2000_0_0-80_interpolated.pkl,4,2000,0.2237434899846659,0.038027942437835194,0.010919461105096473,0.0908969645091992,0.5595323741007194,0.555535390199637,-0.11754426749176768,0.2352359161461876,0.2947869643188424,-0.059551048172654775,0.045946447344010884,0.10549749551666564
E4_pushforward,900,6,Group_1_peak_1200_Group_1_peak_1200_0_0-80_interpolated.pkl,1,1200,0.020306263292134138,0.006617562424870546,0.0014245231147759529,0.009449449610593545,0.8159943382873319,0.8126801152737753,0.015466845873726019,0.1706759013048049,0.14049842310308577,0.03017747820171912,0.03116690371652959,0.000989425514810463
E4_pushforward,900,12,Group_1_peak_1200_Group_1_peak_1200_0_0-80_interpolated.pkl,1,1200,0.11972980125369868,0.026829300613412727,0.007687985007881369,0.05141569562499759,0.6709245742092458,0.6675542810323638,-0.038144077723045886,0.2701750046379321,0.2332570651165667,0.036917939521365406,0.06864139508997588,0.031723455568610476
E4_pushforward,900,24,Group_1_peak_1200_Group_1_peak_1200_0_0-80_interpolated.pkl,1,1200,0.18460384383476144,0.039965310118492636,0.010836744584779736,0.07846863284601127,0.6347434743474347,0.6314259763851044,-0.10444736321482129,0.2732669593717148,0.28210994991033334,-0.008842990538618534,0.05831426627914167,0.06715725681776019
E4_pushforward,900,6,Group_1_peak_2400_Group_1_peak_2400_0_0-80_interpolated.pkl,1,2400,0.044046531078069134,0.009997769857713964,0.0038586967956445142,0.019300999243809205,0.8311638591117917,0.8295322767684576,-0.031242194625989424,0.2978170799579494,0.28755179024179084,0.010265289716158588,0.03240368561004267,0.022138395893884114
E4_pushforward,900,12,Group_1_peak_2400_Group_1_peak_2400_0_0-80_interpolated.pkl,1,2400,0.21221009542403835,0.04282466158033843,0.026340321421020642,0.09379169280846582,0.7150837988826816,0.713176218532405,-0.17371211630774225,0.35730628903592854,0.43386308824438813,-0.07655679920845959,0.027951270793395586,0.10450807000185518
E4_pushforward,900,24,Group_1_peak_2400_Group_1_peak_2400_0_0-80_interpolated.pkl,1,2400,0.42555574123874984,0.07900236814299254,0.03367654440391521,0.17941155126188588,0.5902221204488207,0.5878627360663289,-0.29923019989487354,0.346855482035743,0.5058437944468493,-0.15898831241110634,0.03116690371652959,0.1901552161276359
E4_pushforward,900,6,Group_3_peak_3400_Group_3_peak_3400_0_0-80_interpolated.pkl,3,3400,0.047964971554351345,0.01369906841584249,0.0078027184596559645,0.023155586143283266,0.8576354679802956,0.8564569536423841,-0.06460424277787011,0.3412899635149341,0.3521118050831736,-0.010821841568239454,0.021396326757776266,0.032218168326015706
E4_pushforward,900,12,Group_3_peak_3400_Group_3_peak_3400_0_0-80_interpolated.pkl,3,3400,0.45244257412772776,0.09387814297568503,0.04339817081451886,0.19657296263931057,0.677650935624338,0.6757044754913568,-0.2979606263720549,0.36917939521365406,0.5060293117308763,-0.13684991651722223,0.01626368189969699,0.15311359841691918
E4_pushforward,900,24,Group_3_peak_3400_Group_3_peak_3400_0_0-80_interpolated.pkl,3,3400,0.2867964560088152,0.05106153312968114,0.020741342895643264,0.11953311067804655,0.6382075471698113,0.636061684460261,-0.23043595837069444,0.36225341660998084,0.4906313771566384,-0.12837796054665757,0.03067219095912436,0.15905015150578194
E6_1_pushforward_tversky_07_03,600,6,Group_1_peak_2600_Group_1_peak_2600_0_0-80_interpolated.pkl,1,2600,0.13782466699832788,0.032298508885021115,0.012919062295922396,0.06101407939309047,0.74077688854187,0.7382219593928642,-0.17265472213955538,0.2341846515367015,0.311112485313215,-0.0769278337765135,0.002597241976377466,0.07952507575289097
E6_1_pushforward_tversky_07_03,600,12,Group_1_peak_2600_Group_1_peak_2600_0_0-80_interpolated.pkl,1,2600,0.744803425710455,0.14522020755956416,0.045099498516915686,0.3117077105956449,0.4614358153189218,0.4578183772165502,-0.46201255816739845,0.21328303753633046,0.45779481788386617,-0.2445117803475357,0.002535402881701812,0.24704718322923752
E6_1_pushforward_tversky_07_03,600,24,Group_1_peak_2600_Group_1_peak_2600_0_0-80_interpolated.pkl,1,2600,1.1796732928276414,0.19338298840405777,0.05226960932924809,0.47510863018698246,0.3389277389277389,0.335052754982415,-0.6672792199384701,0.1800754436955043,0.5241481664708428,-0.3440727227753385,0.0033393111124853134,0.3474120338878239
E6_1_pushforward_tversky_07_03,600,6,Group_2_peak_1000_Group_2_peak_1000_0_0-80_interpolated.pkl,2,1000,0.03795219217271491,0.015072398937640627,0.0032427638104099805,0.018755784973588503,0.8452285485164395,0.8420621931260229,-0.06158599372284877,0.14309566507946322,0.13530393915033084,0.0077917259291323815,0.01583080823696741,0.008039082307835014
E6_1_pushforward_tversky_07_03,600,12,Group_2_peak_1000_Group_2_peak_1000_0_0-80_interpolated.pkl,2,1000,0.24516445945802767,0.05924950356166587,0.010215596549535353,0.10487651985640963,0.7347204161248374,0.7303370786516854,-0.21789933501232917,0.15416486302640528,0.16962463669531877,-0.01545977366891349,0.017500463793210068,0.03296023746212355
E6_1_pushforward_tversky_07_03,600,24,Group_2_peak_1000_Group_2_peak_1000_0_0-80_interpolated.pkl,2,1000,0.1898444242386882,0.03718108434798229,0.009216707417974047,0.0787474053348815,0.6370199249205891,0.6317023146791679,-0.22980246998871437,0.1691917630325892,0.17519015521612763,-0.005998392183538426,0.03586667491187929,0.04186506709541772
E6_1_pushforward_tversky_07_03,600,6,Group_2_peak_1200_Group_2_peak_1200_0_0-80_interpolated.pkl,2,1200,0.05774048814760626,0.021333581818383213,0.0033558060217250543,0.02747662532923818,0.8718367346938776,0.8691666666666666,-0.09384672926747728,0.13796302022138396,0.13944715849359965,-0.0014841382722156904,0.008966668727969822,0.010450807000185518
E6_1_pushforward_tversky_07_03,600,12,Group_2_peak_1200_Group_2_peak_1200_0_0-80_interpolated.pkl,2,1200,0.33602129823696214,0.0836330409585555,0.01483866536739266,0.1448310015209701,0.5967699232194864,0.5913603434397638,-0.2664595560242873,0.14161152680724753,0.22515614371405604,-0.0835446169068085,0.0053181621421062395,0.08886277904891472
E6_1_pushforward_tversky_07_03,600,24,Group_2_peak_1200_Group_2_peak_1200_0_0-80_interpolated.pkl,2,1200,0.27244968012190235,0.048447473615595336,0.008772436985471602,0.10988986357432308,0.5618064516129032,0.556078431372549,-0.31139486774163627,0.1383340547894379,0.2297322367200544,-0.09139818193061652,0.006802300414321934,0.09820048234493847
E6_1_pushforward_tversky_07_03,600,6,Group_2_peak_1600_Group_2_peak_1600_0_0-80_interpolated.pkl,2,1600,0.09303867818394773,0.024284130459045778,0.003552211666941981,0.040291673436645165,0.8304073033707865,0.8273766976411723,-0.1264229257211018,0.1536083111743244,0.16257497990229422,-0.008966668727969807,0.010450807000185518,0.019417475728155338
E6_1_pushforward_tversky_07_03,600,12,Group_2_peak_1600_Group_2_peak_1600_0_0-80_interpolated.pkl,2,1600,0.46712442256272346,0.09396586173001942,0.022151353958575738,0.1944138794171062,0.5513981882630957,0.5469371519490851,-0.31932790566446106,0.17685981077237029,0.3041246676148661,-0.12726485684249583,0.006802300414321934,0.13406715725681775
E6_1_pushforward_tversky_07_03,600,24,Group_2_peak_1600_Group_2_peak_1600_0_0-80_interpolated.pkl,2,1600,0.4535653922431728,0.07091502557772623,0.013635664770450622,0.1793720275304499,0.5396710645219591,0.5354732810505198,-0.3534763112786779,0.18996969884360893,0.33065363923072166,-0.14068394038711274,0.008410116875888936,0.14909405726300168
E6_1_pushforward_tversky_07_03,600,6,Group_4_peak_2000_Group_4_peak_2000_0_0-80_interpolated.pkl,4,2000,0.043812007384358434,0.020595012030344594,0.0036125086691593832,0.02267317602795414,0.8395593869731801,0.8356231599607459,-0.08436037662424248,0.10803289839836745,0.12330715478325398,-0.015274256384886525,0.0027209201657287735,0.017995176550615298
E6_1_pushforward_tversky_07_03,600,12,Group_4_peak_2000_Group_4_peak_2000_0_0-80_interpolated.pkl,4,2000,1.1038546707403527,0.24998841152254656,0.05031773347681775,0.4680536052465723,0.41286133221617094,0.40664690939881454,-0.4586599613119164,0.12176117741636262,0.2891596067033579,-0.16739842928699528,0.0029682765444313895,0.17036670583142663
E6_1_pushforward_tversky_07_03,600,24,Group_4_peak_2000_Group_4_peak_2000_0_0-80_interpolated.pkl,4,2000,0.3887142557175441,0.0684355128018663,0.015119303112008865,0.15742302387713974,0.4171068671271841,0.4111247947454844,-0.3584189096221631,0.13035681157627851,0.2947869643188424,-0.16443015274256387,0.0064931049409436645,0.17092325768350752
E6_1_pushforward_tversky_07_03,600,6,Group_1_peak_1200_Group_1_peak_1200_0_0-80_interpolated.pkl,1,1200,0.04334144747487979,0.016301740745833206,0.0031175007877154676,0.020920229669476157,0.8739130434782608,0.8713709677419355,-0.08071402142289824,0.1464968152866242,0.14049842310308577,0.005998392183538426,0.012862531692536022,0.006864139508997588
E6_1_pushforward_tversky_07_03,600,12,Group_1_peak_1200_Group_1_peak_1200_0_0-80_interpolated.pkl,1,1200,0.31378583939827087,0.07303204475885372,0.013841031967763203,0.13355297204162928,0.6304675716440422,0.6257637474541752,-0.25260768940155215,0.16164739348215942,0.2332570651165667,-0.07160967163440726,0.009646898769402015,0.08125657040380929
E6_1_pushforward_tversky_07_03,600,24,Group_1_peak_1200_Group_1_peak_1200_0_0-80_interpolated.pkl,1,1200,0.40630231369821845,0.07332094399677136,0.014048069711825569,0.16455710913560515,0.5171102661596958,0.5119555935098207,-0.3571338159359347,0.15583451858264796,0.28210994991033334,-0.12627543132768537,0.007544369550429782,0.13381980087811515
E6_1_pushforward_tversky_07_03,600,6,Group_1_peak_2400_Group_1_peak_2400_0_0-80_interpolated.pkl,1,2400,0.13592378044669276,0.03266228172726467,0.010428670272479118,0.05967157748214552,0.7340358271865122,0.7312034078807241,-0.1661846860796333,0.21507637128192444,0.28755179024179084,-0.0724754189598664,0.0027827592604044277,0.07525817822027085
E6_1_pushforward_tversky_07_03,600,12,Group_1_peak_2400_Group_1_peak_2400_0_0-80_interpolated.pkl,1,2400,0.71733771074775,0.136439181743928,0.04080875562748505,0.29819521603972104,0.45444303619208565,0.45057438661182814,-0.4426518186008132,0.1986271720982005,0.43386308824438813,-0.23523591614618763,0.0021643683136478883,0.23740028445983552
E6_1_pushforward_tversky_07_03,600,24,Group_1_peak_2400_Group_1_peak_2400_0_0-80_interpolated.pkl,1,2400,1.0569230828504501,0.16660266415785663,0.04565420657517569,0.4230599845278275,0.3520309477756286,0.3480904889321333,-0.6175614936653577,0.17958073093809906,0.5058437944468493,-0.3262630635087503,0.002597241976377466,0.3288603054851277
E6_1_pushforward_tversky_07_03,600,6,Group_3_peak_3400_Group_3_peak_3400_0_0-80_interpolated.pkl,3,3400,0.1388578173882305,0.031586532395242575,0.010959027478116138,0.060467792420529735,0.7725942503012567,0.7706198992880708,-0.17611792280548513,0.2784614433244697,0.3521118050831736,-0.07365036175870388,0.004019541153917507,0.07766990291262135
E6_1_pushforward_tversky_07_03,600,12,Group_3_peak_3400_Group_3_peak_3400_0_0-80_interpolated.pkl,3,3400,0.8140803071253545,0.15564634567446986,0.0538897988770073,0.3412054838922773,0.5217758475087465,0.5188152464190338,-0.49684705162791415,0.26770144085090597,0.5060293117308763,-0.23832787087997032,0.003401150207160967,0.2417290210871313
E6_1_pushforward_tversky_07_03,600,24,Group_3_peak_3400_Group_3_peak_3400_0_0-80_interpolated.pkl,3,3400,0.6483712199289545,0.10142946578383137,0.029354136376092268,0.25971827402962605,0.4697720515361744,0.46646721515831463,-0.49436560697970133,0.23684373260775463,0.4906313771566384,-0.2537876445488838,0.005441840331457547,0.25922948488034137
E6_1_pushforward_tversky_07_03,700,6,Group_1_peak_2600_Group_1_peak_2600_0_0-80_interpolated.pkl,1,2600,0.021496475176457898,0.007962179483783596,0.005420565825622129,0.011626406828621207,0.846041856232939,0.8446280991735537,-0.05952640160965231,0.30999938160905327,0.311112485313215,-0.001113103704161733,0.025601385195720736,0.026714488899882507
E6_1_pushforward_tversky_07_03,700,12,Group_1_peak_2600_Group_1_peak_2600_0_0-80_interpolated.pkl,1,2600,0.2176979468468746,0.05342675266541001,0.031258285008880685,0.10079432817372176,0.7031820552947313,0.7012339196639538,-0.2471589042498918,0.343639849112609,0.45779481788386617,-0.11415496877125719,0.0132954053552656,0.1274503741265228
E6_1_pushforward_tversky_07_03,700,24,Group_1_peak_2600_Group_1_peak_2600_0_0-80_interpolated.pkl,1,2600,0.6804139319866539,0.11721534244582973,0.046857572133907656,0.2814956155221304,0.539714867617108,0.53709604005462,-0.46057425570852145,0.31117432440789067,0.5241481664708428,-0.21297384206295217,0.01929379753880403,0.23226763960175623
E6_1_pushforward_tversky_07_03,700,6,Group_2_peak_1000_Group_2_peak_1000_0_0-80_interpolated.pkl,2,1000,0.0972255574629554,0.015383965312707087,0.003978204850629642,0.03886257587543071,0.6839186691312384,0.6789737171464331,0.053659047615136665,0.19652464287922825,0.13530393915033084,0.0612207037288974,0.06233380743305918,0.001113103704161771
E6_1_pushforward_tversky_07_03,700,12,Group_2_peak_1000_Group_2_peak_1000_0_0-80_interpolated.pkl,2,1000,0.11835000488823048,0.027566286392033196,0.010979730594086155,0.05229867395811661,0.54494041607756,0.5402978983880841,0.023307467677598982,0.2971986890111929,0.16962463669531877,0.12757405231587413,0.13344876631006122,0.005874713994187125
E6_1_pushforward_tversky_07_03,700,24,Group_2_peak_1000_Group_2_peak_1000_0_0-80_interpolated.pkl,2,1000,0.3161321900332111,0.04048591870559656,0.010811079681588372,0.122476396140132,0.47027972027972026,0.4656084656084656,0.07830762612518165,0.3386927215385567,0.17519015521612763,0.16350256632242904,0.17543751159483026,0.011934945272401212
E6_1_pushforward_tversky_07_03,700,6,Group_2_peak_1200_Group_2_peak_1200_0_0-80_interpolated.pkl,2,1200,0.05399078041803762,0.01095026651391147,0.002950713720028886,0.02263058688399266,0.7184435305283138,0.7139183542269367,0.011933814851938849,0.1902788943169872,0.13944715849359965,0.05083173582338754,0.05293426504235978,0.002102529218972234
E6_1_pushforward_tversky_07_03,700,12,Group_2_peak_1200_Group_2_peak_1200_0_0-80_interpolated.pkl,2,1200,0.1452231874537665,0.03690772044233911,0.01134908509422004,0.06449333099677522,0.68261045804621,0.6793611793611793,-0.052153452113109504,0.28204811081565767,0.22515614371405604,0.05689196710160163,0.07686599468183786,0.019974027580236225
E6_1_pushforward_tversky_07_03,700,24,Group_2_peak_1200_Group_2_peak_1200_0_0-80_interpolated.pkl,2,1200,0.4054965382659351,0.060589989403616616,0.01648701905410573,0.16085784890788582,0.5560042134831461,0.5520722635494155,0.004791133324605003,0.31216374992270113,0.2297322367200544,0.08243151320264672,0.11941129181868777,0.03697977861604106
E6_1_pushforward_tversky_07_03,700,6,Group_2_peak_1600_Group_2_peak_1600_0_0-80_interpolated.pkl,2,1600,0.029344199632925193,0.0084472268713254,0.003086432239568685,0.013625952914606424,0.7215469613259669,0.7176470588235294,-0.00077279996550538,0.21662234864881577,0.16257497990229422,0.05404736874652155,0.058190588089790364,0.0041432193432688145
E6_1_pushforward_tversky_07_03,700,12,Group_2_peak_1600_Group_2_peak_1600_0_0-80_interpolated.pkl,2,1600,0.16603281206656084,0.03268737002845287,0.01814089419882625,0.07228702543127999,0.656759812631239,0.653965152255333,-0.07219341396732577,0.32397501700575104,0.3041246676148661,0.019850349390884925,0.07562921278832478,0.055778863397439864
E6_1_pushforward_tversky_07_03,700,24,Group_2_peak_1600_Group_2_peak_1600_0_0-80_interpolated.pkl,2,1600,0.2938508287838275,0.05050127539471859,0.02099154865884293,0.12178121761246302,0.5512546716497597,0.5482397205052405,-0.04899093196709194,0.3818564096221631,0.33065363923072166,0.05120277039144144,0.12955290334549502,0.07835013295405355
E6_1_pushforward_tversky_07_03,700,6,Group_4_peak_2000_Group_4_peak_2000_0_0-80_interpolated.pkl,4,2000,0.035779676224561935,0.010823236295436463,0.0023435304115209813,0.016315480977173127,0.8713398402839396,0.868421052631579,-0.024133646512516618,0.13134623709108897,0.12330715478325398,0.008039082307834997,0.012986209881887329,0.004947127574052316
E6_1_pushforward_tversky_07_03,700,12,Group_4_peak_2000_Group_4_peak_2000_0_0-80_interpolated.pkl,4,2000,0.5014727299346566,0.11406223813050949,0.030943296646722043,0.21549275490396272,0.554728803602898,0.5503262804034013,-0.30111991566693463,0.19565889555376909,0.2891596067033579,-0.0935007111495888,0.023560695071424154,0.11706140622101292
E6_1_pushforward_tversky_07_03,700,24,Group_4_peak_2000_Group_4_peak_2000_0_0-80_interpolated.pkl,4,2000,0.45192572803330355,0.08205960414483418,0.024311703886648918,0.18609901202159554,0.5110681919477047,0.5074090704984284,-0.01444301424763079,0.32799455815966855,0.2947869643188424,0.033207593840826166,0.11836002720920166,0.08515243336837548
E6_1_pushforward_tversky_07_03,700,6,Group_1_peak_1200_Group_1_peak_1200_0_0-80_interpolated.pkl,1,1200,0.03749123790704753,0.009454069912411578,0.003914519488598383,0.0169532757693525,0.6833382657591003,0.678582156803845,0.02598088376339686,0.20505843794446849,0.14049842310308577,0.06456001484138271,0.06536392307216622,0.0008039082307835013
E6_1_pushforward_tversky_07_03,700,12,Group_1_peak_1200_Group_1_peak_1200_0_0-80_interpolated.pkl,1,1200,0.13925334566869066,0.02573210883560905,0.01081835916430041,0.05860127122286671,0.6545116279069767,0.6512676056338028,-0.0014191079571696634,0.3104940943664585,0.2332570651165667,0.07723702924989179,0.09603611403129059,0.0187990847813988
E6_1_pushforward_tversky_07_03,700,24,Group_1_peak_1200_Group_1_peak_1200_0_0-80_interpolated.pkl,1,1200,0.3905490879476945,0.07343151613164221,0.021351408508699606,0.16177733752934545,0.5338378069674472,0.5304860511935576,-0.0023536712795571547,0.3760435347226517,0.28210994991033334,0.09393358481231834,0.14791911446416425,0.053985529651845894
E6_1_pushforward_tversky_07_03,700,6,Group_1_peak_2400_Group_1_peak_2400_0_0-80_interpolated.pkl,1,2400,0.02344586778371964,0.00839799277336526,0.0034894180156758085,0.01177775952425357,0.8479244540625615,0.8464136697794556,-0.054141950403838277,0.2871189165790613,0.28755179024179084,-0.0004328736627295382,0.023684373260775462,0.024117246923505038
E6_1_pushforward_tversky_07_03,700,12,Group_1_peak_2400_Group_1_peak_2400_0_0-80_interpolated.pkl,1,2400,0.1555859350920047,0.03824655078751079,0.02563806909357277,0.07315685165769609,0.7401099637924098,0.7383556095585257,-0.18320248486874652,0.3623770947993321,0.43386308824438813,-0.07148599344505602,0.024179086018180695,0.09566507946323666
E6_1_pushforward_tversky_07_03,700,24,Group_1_peak_2400_Group_1_peak_2400_0_0-80_interpolated.pkl,1,2400,0.4225562218746147,0.06484600448561367,0.03208133780754916,0.17316118805592584,0.6198141011108592,0.6176470588235294,-0.31212799919609174,0.37165295900068024,0.5058437944468493,-0.1341908354461691,0.03660874404798714,0.1707995794941562
E6_1_pushforward_tversky_07_03,700,6,Group_3_peak_3400_Group_3_peak_3400_0_0-80_interpolated.pkl,3,3400,0.02938803831638265,0.009881741167834385,0.005550895279865644,0.014940224921360892,0.8796419098143236,0.8786359077231695,-0.07573252453755952,0.3428359408818255,0.3521118050831736,-0.009275864201348072,0.017809659266588337,0.02708552346793643
E6_1_pushforward_tversky_07_03,700,12,Group_3_peak_3400_Group_3_peak_3400_0_0-80_interpolated.pkl,3,3400,0.27390754068548884,0.06347973804382166,0.03583648233903996,0.12440792035611682,0.7300141911069064,0.7283759666864962,-0.29029366564760994,0.39230721662234863,0.5060293117308763,-0.11372209510852765,0.013728279017995176,0.1274503741265228
E6_1_pushforward_tversky_07_03,700,24,Group_3_peak_3400_Group_3_peak_3400_0_0-80_interpolated.pkl,3,3400,0.3711025993827826,0.05469030305704637,0.023295763138263238,0.14969622185936407,0.5939628846605591,0.5915642722117203,-0.32060170646914227,0.3424030672190959,0.4906313771566384,-0.1482283099375425,0.03277472017809659,0.18100303011563912
E6_1_pushforward_tversky_07_03,800,6,Group_1_peak_2600_Group_1_peak_2600_0_0-80_interpolated.pkl,1,2600,0.013078031374132158,0.005686041195050751,0.003357850466184883,0.007373974345122598,0.8691079812206572,0.867867298578199,-0.051425925581480736,0.29818811452600336,0.311112485313215,-0.012924370787211648,0.015088739100859564,0.02801310988807124
E6_1_pushforward_tversky_07_03,800,12,Group_1_peak_2600_Group_1_peak_2600_0_0-80_interpolated.pkl,1,2600,0.142508714535045,0.036756991223097876,0.02587950824882875,0.06838173800232387,0.7227530991735537,0.7209513906940473,-0.17958705676345774,0.3610166347164678,0.45779481788386617,-0.09677818316739839,0.017995176550615298,0.11477335971801372
E6_1_pushforward_tversky_07_03,800,24,Group_1_peak_2600_Group_1_peak_2600_0_0-80_interpolated.pkl,1,2600,0.6104802096497041,0.09380029700214215,0.04378820585566669,0.24935623750250432,0.55899945622621,0.5565882996172772,-0.34381202026389834,0.3561313462370911,0.5241481664708428,-0.16801682023375175,0.04137035433801249,0.20938717457176426
E6_1_pushforward_tversky_07_03,800,6,Group_2_peak_1000_Group_2_peak_1000_0_0-80_interpolated.pkl,2,1000,0.0794734623264317,0.017033982021184578,0.0037199558187039593,0.03340913338877341,0.8449523809523809,0.8419417475728155,0.036242253807935505,0.15799888689629585,0.13530393915033084,0.022694947745965005,0.023931729639478077,0.001236781893513079
E6_1_pushforward_tversky_07_03,800,12,Group_2_peak_1000_Group_2_peak_1000_0_0-80_interpolated.pkl,2,1000,0.18347402748293212,0.038018287881619095,0.013059708034782047,0.07818400779977776,0.5505154639175258,0.5458333333333333,0.06896846592665884,0.2892214457980335,0.16962463669531877,0.11959680910271472,0.12720301774782017,0.007606208645105436
E6_1_pushforward_tversky_07_03,800,24,Group_2_peak_1000_Group_2_peak_1000_0_0-80_interpolated.pkl,2,1000,0.8132400371601837,0.15896423211919,0.03935431140725173,0.33718619356220847,0.3916064480266815,0.387349566190876,0.3083203052532311,0.43788262939830563,0.17519015521612763,0.262692474182178,0.26671201533609545,0.004019541153917507
E6_1_pushforward_tversky_07_03,800,6,Group_2_peak_1200_Group_2_peak_1200_0_0-80_interpolated.pkl,2,1200,0.034879198851530714,0.010405702135915924,0.002285316654469167,0.015856739213971936,0.8167028199566161,0.8133284241531664,-0.01404960056262706,0.16511038278399603,0.13944715849359965,0.025663224290396386,0.02850782264547647,0.0028445983550800815
E6_1_pushforward_tversky_07_03,800,12,Group_2_peak_1200_Group_2_peak_1200_0_0-80_interpolated.pkl,2,1200,0.09976913043917982,0.02136133960812766,0.007739476131137739,0.042956648726148405,0.7028508771929824,0.6995565410199557,-0.01973076071929979,0.24884051697483148,0.22515614371405604,0.023684373260775438,0.05373817327314328,0.03005380001236782
E6_1_pushforward_tversky_07_03,800,24,Group_2_peak_1200_Group_2_peak_1200_0_0-80_interpolated.pkl,2,1200,0.8403760373643817,0.18127182546753637,0.03635051032644711,0.35266612438612177,0.5288013235072944,0.5252310956205486,0.254704179646435,0.39267825119040256,0.2297322367200544,0.16294601447034815,0.17834394904458598,0.015397934574237833
E6_1_pushforward_tversky_07_03,800,6,Group_2_peak_1600_Group_2_peak_1600_0_0-80_interpolated.pkl,2,1600,0.029920222212215665,0.0070682135746461695,0.0020003673283978257,0.012996267705086552,0.8365758754863813,0.8338826631509558,-0.03628902943661686,0.18149774287304435,0.16257497990229422,0.01892276297075013,0.025044833343639848,0.006122070372889741
E6_1_pushforward_tversky_07_03,800,12,Group_2_peak_1600_Group_2_peak_1600_0_0-80_interpolated.pkl,2,1600,0.1472107166868296,0.031406442564375345,0.013389882758019106,0.06400234733640803,0.7061127192235654,0.7035892151811781,-0.03982243317633611,0.3093191515676211,0.3041246676148661,0.005194483952754958,0.05596438068146682,0.05076989672871189
E6_1_pushforward_tversky_07_03,800,24,Group_2_peak_1600_Group_2_peak_1600_0_0-80_interpolated.pkl,2,1600,0.37416526842405373,0.06864272079872241,0.022321586058622164,0.1550431917604661,0.6192691029900332,0.6167224080267558,0.06806954953601355,0.4166718199245563,0.33065363923072166,0.08601818069383466,0.1315935934697916,0.04557541277595696
E6_1_pushforward_tversky_07_03,800,6,Group_4_peak_2000_Group_4_peak_2000_0_0-80_interpolated.pkl,4,2000,0.02046055182945036,0.007648405466137325,0.0018762215308733895,0.009995059608820358,0.9137769447047798,0.9117082533589251,-0.04351435998590262,0.12305979840455136,0.12330715478325398,-0.00024735637870261507,0.0055655185208088554,0.005812874899511471
E6_1_pushforward_tversky_07_03,800,12,Group_4_peak_2000_Group_4_peak_2000_0_0-80_interpolated.pkl,4,2000,0.5357562020327333,0.13215906037133215,0.035871718082985296,0.23459566016235026,0.520725922870695,0.5157324442592207,-0.3289810849669161,0.16065796796734896,0.2891596067033579,-0.12850163873600892,0.007606208645105436,0.13610784738111434
E6_1_pushforward_tversky_07_03,800,24,Group_4_peak_2000_Group_4_peak_2000_0_0-80_interpolated.pkl,4,2000,0.48436476601991124,0.13552429402393354,0.031013421985286185,0.21696749400971035,0.49660479855138073,0.4927778622472252,0.01787492925341854,0.3123492672067281,0.2947869643188424,0.01756230288788574,0.11192876136293364,0.09436645847504793
E6_1_pushforward_tversky_07_03,800,6,Group_1_peak_1200_Group_1_peak_1200_0_0-80_interpolated.pkl,1,1200,0.042148116484124566,0.010298544463151893,0.0019117126540093604,0.018119457867095273,0.8515509601181684,0.8487584650112867,-0.009237175136408347,0.16337888813307774,0.14049842310308577,0.02288046502999197,0.023869890544802423,0.000989425514810463
E6_1_pushforward_tversky_07_03,800,12,Group_1_peak_1200_Group_1_peak_1200_0_0-80_interpolated.pkl,1,1200,0.1061704699347337,0.01886096192911247,0.005063536310883753,0.04336498939157663,0.7403143679433252,0.7374076561450638,-0.04128558601359107,0.2466761486611836,0.2332570651165667,0.013419083544616905,0.042978170799579496,0.029559087254962587
E6_1_pushforward_tversky_07_03,800,24,Group_1_peak_1200_Group_1_peak_1200_0_0-80_interpolated.pkl,1,1200,0.29080826650343666,0.06426080142418475,0.023046569485594408,0.12603854580440527,0.6101510197726919,0.6070924211517339,0.01495882567076093,0.35124605775771445,0.28210994991033334,0.06913610784738111,0.11199060045760931,0.04285449261022819
E6_1_pushforward_tversky_07_03,800,6,Group_1_peak_2400_Group_1_peak_2400_0_0-80_interpolated.pkl,1,2400,0.01860453676551327,0.005723088108909776,0.002741390731975192,0.009023005202132745,0.8528233880656788,0.8513349514563107,-0.043184945272401215,0.2784614433244697,0.28755179024179084,-0.009090346917321135,0.01818069383464226,0.02727104075196339
E6_1_pushforward_tversky_07_03,800,12,Group_1_peak_2400_Group_1_peak_2400_0_0-80_interpolated.pkl,1,2400,0.13662021784170417,0.026021967509160013,0.013971727794731402,0.05887130438186519,0.7354186586531894,0.7335992298170816,-0.17020653714114,0.3456187001422299,0.43386308824438813,-0.08824438810215823,0.015768969142291756,0.10401335724444995
E6_1_pushforward_tversky_07_03,800,24,Group_1_peak_2400_Group_1_peak_2400_0_0-80_interpolated.pkl,1,2400,0.39267330101482556,0.06357116661593823,0.02913158305284201,0.16179201689453526,0.6693431470949035,0.6674890658293148,-0.22163684097883557,0.4136417042854493,0.5058437944468493,-0.09220209016140007,0.04557541277595696,0.137777502937357
E6_1_pushforward_tversky_07_03,800,6,Group_3_peak_3400_Group_3_peak_3400_0_0-80_interpolated.pkl,3,3400,0.027761450649821617,0.009017347040224598,0.003950413198451081,0.0135764036294991,0.875736656002694,0.8746816097809476,-0.0713273948880326,0.330591800136046,0.3521118050831736,-0.02152000494712758,0.012058623461752519,0.033578628408880096
E6_1_pushforward_tversky_07_03,800,12,Group_3_peak_3400_Group_3_peak_3400_0_0-80_interpolated.pkl,3,3400,0.37802645881172176,0.06781694395535384,0.029631793285882984,0.15849173201765285,0.6992150333016175,0.6973794423836305,-0.31053739381067963,0.371158246243275,0.5060293117308763,-0.1348710654876013,0.010760002473563787,0.14563106796116504
E6_1_pushforward_tversky_07_03,800,24,Group_3_peak_3400_Group_3_peak_3400_0_0-80_interpolated.pkl,3,3400,0.39720656289491124,0.07485860703009416,0.022606978653362333,0.16489071619278925,0.6553777881583557,0.6533536943498179,-0.2649097137139787,0.3797538804031909,0.4906313771566384,-0.11087749675344749,0.03580483581720364,0.14668233257065116
E6_1_pushforward_tversky_07_03,850,6,Group_1_peak_2600_Group_1_peak_2600_0_0-80_interpolated.pkl,1,2600,0.013724497222618204,0.005282066588836245,0.002547581677018839,0.00718471516282443,0.8743997044698929,0.8732289336316182,-0.028509375794125092,0.31024673798775587,0.311112485313215,-0.0008657473254591319,0.020592418526992763,0.02145816585245192
E6_1_pushforward_tversky_07_03,850,12,Group_1_peak_2600_Group_1_peak_2600_0_0-80_interpolated.pkl,1,2600,0.10349007014971952,0.02811359927093126,0.015378688416723817,0.048994119279124865,0.7598089829633454,0.7582488958170953,-0.1443044261332014,0.37919732855111,0.45779481788386617,-0.07859748933275618,0.018242532929317913,0.09684002226207408
E6_1_pushforward_tversky_07_03,850,24,Group_1_peak_2600_Group_1_peak_2600_0_0-80_interpolated.pkl,1,2600,0.45252029217651957,0.07861850358983942,0.034542730418663695,0.18856050872834093,0.6504083230786442,0.6484418944763191,-0.37642873068494526,0.38198008781151443,0.5241481664708428,-0.1421680786593284,0.025539546101045082,0.1677076247603735
E6_1_pushforward_tversky_07_03,850,6,Group_2_peak_1000_Group_2_peak_1000_0_0-80_interpolated.pkl,2,1000,0.12270152332191622,0.023609460965432746,0.005982591932144137,0.0507645254064977,0.7064629099013053,0.7017146554513103,0.06773930068921603,0.18996969884360893,0.13530393915033084,0.05466575969327808,0.055840702492115514,0.001174942798837425
E6_1_pushforward_tversky_07_03,850,12,Group_2_peak_1000_Group_2_peak_1000_0_0-80_interpolated.pkl,2,1000,0.16252228599664037,0.040685037343191344,0.014942617396393593,0.0727166469120751,0.5427591770875353,0.5381010594947025,0.05862668505494017,0.2971986890111929,0.16962463669531877,0.12757405231587413,0.1338816399727908,0.006307587656916702
E6_1_pushforward_tversky_07_03,850,24,Group_2_peak_1000_Group_2_peak_1000_0_0-80_interpolated.pkl,2,1000,0.5005454711387314,0.09739329691160153,0.02216005096040485,0.20669960633691262,0.46080878681977033,0.4562846115119987,0.14393542971890266,0.3614495083791973,0.17519015521612763,0.18625935316306969,0.19330900995609424,0.00704965679302455
E6_1_pushforward_tversky_07_03,850,6,Group_2_peak_1200_Group_2_peak_1200_0_0-80_interpolated.pkl,2,1200,0.06469332253267168,0.012772733311870068,0.004268252119126177,0.027244769321222644,0.7275056035862952,0.7230719166937846,0.014173896803232833,0.187990847813988,0.13944715849359965,0.048543689320388356,0.050584379444684927,0.0020406901242965804
E6_1_pushforward_tversky_07_03,850,12,Group_2_peak_1200_Group_2_peak_1200_0_0-80_interpolated.pkl,2,1200,0.16800208568514208,0.03996809436307561,0.013309022087216626,0.07375973404514477,0.6808846761453397,0.6777024331870762,0.019060159067181413,0.295034320697545,0.22515614371405604,0.06987817698348894,0.08490507698967287,0.01502690000618391
E6_1_pushforward_tversky_07_03,850,24,Group_2_peak_1200_Group_2_peak_1200_0_0-80_interpolated.pkl,2,1200,0.8105330290269387,0.1859138835859481,0.0352433366555642,0.3438967497561503,0.49263822115384615,0.48879806236754464,0.18223556962985438,0.3784552594150022,0.2297322367200544,0.14872302269494778,0.17877682270731557,0.03005380001236782
E6_1_pushforward_tversky_07_03,850,6,Group_2_peak_1600_Group_2_peak_1600_0_0-80_interpolated.pkl,2,1600,0.02970297776613646,0.008436917641383037,0.001797130289831433,0.013312341899116975,0.8536345776031434,0.8511984021304927,-0.022955825765089706,0.18131222558901738,0.16257497990229422,0.018737245686723164,0.023189660503370232,0.004452414816647084
E6_1_pushforward_tversky_07_03,850,12,Group_2_peak_1600_Group_2_peak_1600_0_0-80_interpolated.pkl,2,1600,0.13297115679131735,0.026821058873197856,0.015571616813237328,0.05845461082591751,0.6751515151515152,0.6723144104803493,-0.06813209821014471,0.28792282480984477,0.3041246676148661,-0.01620184280502135,0.04990414940325274,0.06610599220827407
E6_1_pushforward_tversky_07_03,850,24,Group_2_peak_1600_Group_2_peak_1600_0_0-80_interpolated.pkl,2,1600,0.4174677063748305,0.06898761345269927,0.01733264116511335,0.16792932033088104,0.563873528994754,0.5607596744252463,-0.011924420472870996,0.345247665574176,0.33065363923072166,0.014594026343454358,0.10240554078288294,0.08781151443942861
E6_1_pushforward_tversky_07_03,850,6,Group_4_peak_2000_Group_4_peak_2000_0_0-80_interpolated.pkl,4,2000,0.021620161479563825,0.007944550324332889,0.0019495315843350994,0.01050474779607727,0.9030898876404494,0.9007670182166826,-0.04913136076082377,0.12188485560571394,0.12330715478325398,-0.00142229917754004,0.005689196710160163,0.007111495887700204
E6_1_pushforward_tversky_07_03,850,12,Group_4_peak_2000_Group_4_peak_2000_0_0-80_interpolated.pkl,4,2000,0.5892519851513377,0.12021603570768093,0.03455376957218592,0.24800726347706817,0.49091276252019383,0.48572011423908606,-0.3420574567319584,0.16121451981942983,0.2891596067033579,-0.12794508688392806,0.013975635396697793,0.1419207222806258
E6_1_pushforward_tversky_07_03,850,24,Group_4_peak_2000_Group_4_peak_2000_0_0-80_interpolated.pkl,4,2000,0.5409136463984096,0.13608768967779097,0.032628637517722846,0.23654332453130777,0.47900466562986005,0.47492163009404387,-0.05032159726154265,0.2871189165790613,0.2947869643188424,-0.007668047739781081,0.09974645971182981,0.10741450745161091
E6_1_pushforward_tversky_07_03,850,6,Group_1_peak_1200_Group_1_peak_1200_0_0-80_interpolated.pkl,1,1200,0.046047533797418244,0.014602965894719554,0.0022401933149173866,0.020963564335685064,0.809323519102699,0.805922226186229,0.01815265789743213,0.17253107414507451,0.14049842310308577,0.03203265104198874,0.032836559272772244,0.0008039082307835013
E6_1_pushforward_tversky_07_03,850,12,Group_1_peak_1200_Group_1_peak_1200_0_0-80_interpolated.pkl,1,1200,0.1629064816491493,0.039375847915350294,0.01161968544898999,0.0713006716711632,0.6754047802621435,0.6722460101206695,0.031839067953193606,0.298064436336652,0.2332570651165667,0.06480737122008534,0.08447220332694329,0.019664832106857957
E6_1_pushforward_tversky_07_03,850,24,Group_1_peak_1200_Group_1_peak_1200_0_0-80_interpolated.pkl,1,1200,0.41117805271198066,0.06927265237312755,0.025045611946257398,0.16849877234378854,0.5709079866383238,0.567625458996328,0.01706448005882444,0.35149341413641705,0.28210994991033334,0.06938346422608371,0.12207037288974089,0.05268690866365716
E6_1_pushforward_tversky_07_03,850,6,Group_1_peak_2400_Group_1_peak_2400_0_0-80_interpolated.pkl,1,2400,0.045511141553522996,0.010220587496074967,0.003305205433454809,0.01967897816101759,0.8630747417459996,0.8616738285246572,-0.05794483958793906,0.2750602931173088,0.28755179024179084,-0.012491497124482054,0.014655865438129986,0.027147362562612083
E6_1_pushforward_tversky_07_03,850,12,Group_1_peak_2400_Group_1_peak_2400_0_0-80_interpolated.pkl,1,2400,0.2328563676546511,0.038918099293446015,0.01507273191824278,0.09561573295544662,0.7044800657624332,0.7024417160987723,-0.2052456461412405,0.3292931791478573,0.43386308824438813,-0.10456990909653086,0.01440850905942737,0.1189784181559582
E6_1_pushforward_tversky_07_03,850,24,Group_1_peak_2400_Group_1_peak_2400_0_0-80_interpolated.pkl,1,2400,0.4221336788967143,0.0758270274959353,0.028540512384079106,0.17550040625890959,0.6275377112396506,0.6254134823770959,-0.2891228897408942,0.3753633046812195,0.5058437944468493,-0.13048048976562987,0.03629954857460887,0.1667800383402387
E6_1_pushforward_tversky_07_03,850,6,Group_3_peak_3400_Group_3_peak_3400_0_0-80_interpolated.pkl,3,3400,0.026504557988981978,0.0076738639025428915,0.0029697754485673872,0.012382732446697417,0.8854447439353099,0.8844716275908936,-0.06496375045413084,0.33380743305918004,0.3521118050831736,-0.018304372023993543,0.011873106177725558,0.030177478201719128
E6_1_pushforward_tversky_07_03,850,12,Group_3_peak_3400_Group_3_peak_3400_0_0-80_interpolated.pkl,3,3400,0.20229804925891537,0.038460794645677934,0.022182979590794908,0.08764727449846273,0.7499702345517324,0.7484427407762339,-0.2471737148338461,0.3965741141549688,0.5060293117308763,-0.10945519757590749,0.010203450621482901,0.11965864819739039
E6_1_pushforward_tversky_07_03,850,24,Group_3_peak_3400_Group_3_peak_3400_0_0-80_interpolated.pkl,3,3400,0.3427111908211071,0.058103320366679895,0.022117450137039012,0.14097732044160868,0.6499012661168545,0.6478560579506952,-0.26667641558383837,0.38154721414878484,0.4906313771566384,-0.10908416300785356,0.03864943417228372,0.1477335971801373
E6_1_pushforward_tversky_07_03,900,6,Group_1_peak_2600_Group_1_peak_2600_0_0-80_interpolated.pkl,1,2600,0.021684061773989412,0.007563339269142118,0.0034155807429273564,0.010887660595352962,0.8694775435380385,0.8682701202590194,-0.05447178029680833,0.3133386927215386,0.311112485313215,0.0022262074083235772,0.023127821408694578,0.020901614000371035
E6_1_pushforward_tversky_07_03,900,12,Group_1_peak_2600_Group_1_peak_2600_0_0-80_interpolated.pkl,1,2600,0.2504541479164098,0.056822074971970934,0.02196056736102014,0.10974559674980029,0.7295851813201147,0.7278098739495799,-0.2609537629572228,0.35594582895306415,0.45779481788386617,-0.10184898893080202,0.01317172716591429,0.11502071609671634
E6_1_pushforward_tversky_07_03,900,24,Group_1_peak_2600_Group_1_peak_2600_0_0-80_interpolated.pkl,1,2600,0.6803061139964246,0.11790588025231938,0.036122262470526134,0.2781114189064234,0.6187245590230664,0.6165567432340232,-0.48118303985529653,0.3549564034382537,0.5241481664708428,-0.16919176303258915,0.019664832106857957,0.18885659513944716
E6_1_pushforward_tversky_07_03,900,6,Group_2_peak_1000_Group_2_peak_1000_0_0-80_interpolated.pkl,2,1000,0.07831130358752773,0.013452874410462548,0.0027801401737717777,0.031514772723920684,0.793884892086331,0.7901098901098901,0.036558160091270636,0.16690371652959002,0.13530393915033084,0.031599777379259175,0.03351678931420444,0.0019170119349452724
E6_1_pushforward_tversky_07_03,900,12,Group_2_peak_1000_Group_2_peak_1000_0_0-80_interpolated.pkl,2,1000,0.10374746979892276,0.020641851301714108,0.004372340068175163,0.04292055372293734,0.6546036435253569,0.6502991026919243,-0.008409111009267167,0.239812009152186,0.16962463669531877,0.07018737245686724,0.07847381114340486,0.008286438686537629
E6_1_pushforward_tversky_07_03,900,24,Group_2_peak_1000_Group_2_peak_1000_0_0-80_interpolated.pkl,2,1000,0.28667692914136667,0.04537523279294708,0.010548517892428588,0.11420022660891412,0.5205668175555993,0.5158020274299344,0.006195609036273943,0.2963947807804094,0.17519015521612763,0.12120462556428174,0.13592233009708737,0.01471770453280564
E6_1_pushforward_tversky_07_03,900,6,Group_2_peak_1200_Group_2_peak_1200_0_0-80_interpolated.pkl,2,1200,0.034020541584634294,0.008276951502613157,0.001791545927649493,0.01469634633829898,0.8160258713618398,0.8126600804976216,-0.008670073951465006,0.16690371652959002,0.13944715849359965,0.02745655803599037,0.029559087254962587,0.002102529218972234
E6_1_pushforward_tversky_07_03,900,12,Group_2_peak_1200_Group_2_peak_1200_0_0-80_interpolated.pkl,2,1200,0.10000652867729781,0.02160520745240838,0.006472404516664773,0.04269471354879032,0.715670436187399,0.7123511557319636,-0.08688759669605312,0.22837177663719002,0.22515614371405604,0.003215632923133982,0.039700698781769836,0.036485065858635826
E6_1_pushforward_tversky_07_03,900,24,Group_2_peak_1200_Group_2_peak_1200_0_0-80_interpolated.pkl,2,1200,0.33706263581093576,0.06652651431601375,0.01624988230922898,0.13994634414539284,0.5789379900213828,0.5751528227256383,-0.0007940873491705831,0.3120400717333498,0.2297322367200544,0.08230783501329539,0.11421680786593284,0.03190897285263744
E6_1_pushforward_tversky_07_03,900,6,Group_2_peak_1600_Group_2_peak_1600_0_0-80_interpolated.pkl,2,1600,0.016072635041581265,0.003975683980534247,0.0013248762004458643,0.007124398407520459,0.8078115313081216,0.8047858942065491,-0.03432937857024148,0.1918867107785542,0.16257497990229422,0.02931173087625999,0.03382598478758271,0.004514253911322738
E6_1_pushforward_tversky_07_03,900,12,Group_2_peak_1600_Group_2_peak_1600_0_0-80_interpolated.pkl,2,1600,0.14117573862848293,0.028508704270964972,0.012903878756713491,0.060862773885387134,0.7070852017937219,0.7044343891402715,-0.13972842371181435,0.2782140869457671,0.3041246676148661,-0.025910580669099015,0.037536330468121944,0.06344691113722095
E6_1_pushforward_tversky_07_03,900,24,Group_2_peak_1600_Group_2_peak_1600_0_0-80_interpolated.pkl,2,1600,0.2887739619613796,0.05374195172715872,0.01141614400125023,0.11797735256326286,0.5985112448527082,0.5953065134099617,-0.1852528524490214,0.28730443386308824,0.33065363923072166,-0.043349205367633425,0.056706449817574674,0.10005565518520809
E6_1_pushforward_tversky_07_03,900,6,Group_4_peak_2000_Group_4_peak_2000_0_0-80_interpolated.pkl,4,2000,0.02564843287965899,0.007489001820023059,0.0019200525717675914,0.011685829090483213,0.8955087076076994,0.8930581613508443,-0.032879919106734275,0.12627543132768537,0.12330715478325398,0.0029682765444313947,0.008533795065240244,0.0055655185208088554
E6_1_pushforward_tversky_07_03,900,12,Group_4_peak_2000_Group_4_peak_2000_0_0-80_interpolated.pkl,4,2000,0.492742302120577,0.1043458415847306,0.030199436793975774,0.20909586016642778,0.5215000981739643,0.5167558992663097,-0.30226242917491186,0.1838476284707192,0.2891596067033579,-0.10531197823263869,0.022694947745964998,0.12800692597860366
E6_1_pushforward_tversky_07_03,900,24,Group_4_peak_2000_Group_4_peak_2000_0_0-80_interpolated.pkl,4,2000,0.23747827386227038,0.04281285487830955,0.009257549276012128,0.09651622600553068,0.5609075043630017,0.5570422535211268,-0.11822433146141241,0.25211798899264115,0.2947869643188424,-0.04266897532620123,0.05645909343887205,0.09912806876507328
E6_1_pushforward_tversky_07_03,900,6,Group_1_peak_1200_Group_1_peak_1200_0_0-80_interpolated.pkl,1,1200,0.02754814365233171,0.006379207102677161,0.001527941575283746,0.011818430776764206,0.803125,0.7996466431095406,0.004368933548578474,0.1744480860800198,0.14049842310308577,0.033949662976934025,0.034506214829014906,0.0005565518520808855
E6_1_pushforward_tversky_07_03,900,12,Group_1_peak_1200_Group_1_peak_1200_0_0-80_interpolated.pkl,1,1200,0.08632347154905376,0.018560395201395095,0.00659769928539127,0.03716052201194671,0.6808873720136519,0.6774471755066839,-0.05178610509360893,0.24785109146002102,0.2332570651165667,0.01459402634345433,0.05355265598911632,0.03895862964566199
E6_1_pushforward_tversky_07_03,900,24,Group_1_peak_1200_Group_1_peak_1200_0_0-80_interpolated.pkl,1,1200,0.24633969662148625,0.041765813365433516,0.008880565381346994,0.09899535845608892,0.592048401037165,0.5884917175239756,-0.11982467469254375,0.28124420258487415,0.28210994991033334,-0.0008657473254591874,0.07253725805454209,0.07340300538000123
E6_1_pushforward_tversky_07_03,900,6,Group_1_peak_2400_Group_1_peak_2400_0_0-80_interpolated.pkl,1,2400,0.032820494544445813,0.008512086601384309,0.0033734464686538007,0.014902009204827973,0.8902586903799515,0.8891384238464679,-0.05968229772577067,0.2846453527920351,0.28755179024179084,-0.0029064374497557166,0.01533609547956218,0.018242532929317913
E6_1_pushforward_tversky_07_03,900,12,Group_1_peak_2400_Group_1_peak_2400_0_0-80_interpolated.pkl,1,2400,0.15842776086294846,0.04290313589015881,0.025933466156348246,0.07575478763648517,0.7590542572092388,0.757396449704142,-0.1799660023875688,0.3558839898583885,0.43386308824438813,-0.07797909838599965,0.01552161276358914,0.09350071114958877
E6_1_pushforward_tversky_07_03,900,24,Group_1_peak_2400_Group_1_peak_2400_0_0-80_interpolated.pkl,1,2400,0.4397282986646221,0.08533571187083898,0.03564223989195807,0.18690208347580636,0.6147933608109614,0.6126358239050073,-0.3084773789692969,0.38439181250386495,0.5058437944468493,-0.1214519819429844,0.0461938037227135,0.16764578566569785
E6_1_pushforward_tversky_07_03,900,6,Group_3_peak_3400_Group_3_peak_3400_0_0-80_interpolated.pkl,3,3400,0.040155917997645944,0.011984247474073114,0.004210483276833737,0.01878354958285093,0.8794979079497908,0.8784810126582279,-0.07894068423025787,0.3361573186568549,0.3521118050831736,-0.015954486426318693,0.014284830870076062,0.030239317296394782
E6_1_pushforward_tversky_07_03,900,12,Group_3_peak_3400_Group_3_peak_3400_0_0-80_interpolated.pkl,3,3400,0.4533915048814881,0.09130699092811845,0.033245787904495054,0.19264809457136722,0.6989680939390345,0.6971360381861575,-0.34078226696323666,0.3734462927462742,0.5060293117308763,-0.13258301898460206,0.012182301651103828,0.14476532063570588
E6_1_pushforward_tversky_07_03,900,24,Group_3_peak_3400_Group_3_peak_3400_0_0-80_interpolated.pkl,3,3400,0.4033186269032795,0.07819369559134585,0.026055220419463152,0.16918918097136285,0.6275846136074853,0.6254211688160799,-0.3322500420312597,0.3744975573557603,0.4906313771566384,-0.11613381980087811,0.041617710716715106,0.15775153051759322
E6_1_pushforward_tversky_07_03,1000,6,Group_1_peak_2600_Group_1_peak_2600_0_0-80_interpolated.pkl,1,2600,0.022715265073930273,0.006579110219995656,0.003957443886334675,0.011083939726753535,0.869164265129683,0.8678952473326867,-0.06513096209794926,0.28433615731865686,0.311112485313215,-0.026776327994558147,0.00766804773978109,0.03444437573433925
E6_1_pushforward_tversky_07_03,1000,12,Group_1_peak_2600_Group_1_peak_2600_0_0-80_interpolated.pkl,1,2600,0.21046887401175873,0.04414651555853933,0.029097184463517906,0.09457085801127198,0.6884048346393944,0.686321700762134,-0.2510553862093021,0.3221198441654814,0.45779481788386617,-0.13567497371838477,0.0046997711953497,0.14037474491373447
E6_1_pushforward_tversky_07_03,1000,24,Group_1_peak_2600_Group_1_peak_2600_0_0-80_interpolated.pkl,1,2600,0.5906053989181359,0.10433115281330908,0.04332143853880918,0.24608599675675139,0.5423439809025804,0.5397279067108723,-0.4574192540852452,0.3087007606208645,0.5241481664708428,-0.21544740584997835,0.01675839465710222,0.2322058005070806
E6_1_pushforward_tversky_07_03,1000,6,Group_2_peak_1000_Group_2_peak_1000_0_0-80_interpolated.pkl,2,1000,0.08666688930590016,0.02126521732639317,0.005078173818342519,0.03767009348354528,0.8101594364108269,0.8065734794106536,0.02395097132067049,0.16041061158864633,0.13530393915033084,0.02510667243831549,0.028384144456125162,0.003277472017809659
E6_1_pushforward_tversky_07_03,1000,12,Group_2_peak_1000_Group_2_peak_1000_0_0-80_interpolated.pkl,2,1000,0.11599094455301828,0.03189795015184818,0.005987128557692678,0.05129200775418638,0.6347334807172685,0.6301914946530713,-0.021897320048234494,0.23573062890359286,0.16962463669531877,0.0661059922082741,0.07903036299548574,0.012924370787211675
E6_1_pushforward_tversky_07_03,1000,24,Group_2_peak_1000_Group_2_peak_1000_0_0-80_interpolated.pkl,2,1000,0.5977565430048699,0.11214657250762852,0.02613032541708887,0.24534448030986242,0.47913279132791325,0.4743846855059253,0.13771910605791232,0.32490260342588584,0.17519015521612763,0.1497124482097582,0.16399727907983427,0.014284830870076062
E6_1_pushforward_tversky_07_03,1000,6,Group_2_peak_1200_Group_2_peak_1200_0_0-80_interpolated.pkl,2,1200,0.056736105776732604,0.015415030333516983,0.0034004792730900264,0.025183871794446536,0.8473426309837919,0.844410295812524,-0.011974130665523932,0.15744233504421495,0.13944715849359965,0.017995176550615305,0.021520004947127573,0.003524828396512275
E6_1_pushforward_tversky_07_03,1000,12,Group_2_peak_1200_Group_2_peak_1200_0_0-80_interpolated.pkl,2,1200,0.15347329545235636,0.03645406164997765,0.009416368795137872,0.06644790863249063,0.6625158294639089,0.6589163822525598,-0.03145517980622623,0.2557664955785047,0.22515614371405604,0.030610351864448687,0.06474553212540968,0.034135180260960976
E6_1_pushforward_tversky_07_03,1000,24,Group_2_peak_1200_Group_2_peak_1200_0_0-80_interpolated.pkl,2,1200,0.563370068907194,0.08603646860744668,0.018996735239951917,0.22280109091819755,0.5560264451601966,0.5522311506240383,0.08432732833853812,0.3317049038402078,0.2297322367200544,0.10197266712015338,0.13196462803784553,0.029991960917692163
E6_1_pushforward_tversky_07_03,1000,6,Group_2_peak_1600_Group_2_peak_1600_0_0-80_interpolated.pkl,2,1600,0.024571387368908734,0.005764386169185269,0.0018591386383286152,0.010731637392140872,0.8251702886798573,0.8222881635344543,-0.033426574590026126,0.17920969637004514,0.16257497990229422,0.016634716467750915,0.024982994248964194,0.008348277781213283
E6_1_pushforward_tversky_07_03,1000,12,Group_2_peak_1600_Group_2_peak_1600_0_0-80_interpolated.pkl,2,1600,0.09523093216869838,0.021316853775929293,0.012690336603431104,0.04307937418268626,0.7007902298850575,0.6980790141355564,-0.10645488427393172,0.2753076494960114,0.3041246676148661,-0.02881701811885473,0.03710345680539237,0.0659204749242471
E6_1_pushforward_tversky_07_03,1000,24,Group_2_peak_1600_Group_2_peak_1600_0_0-80_interpolated.pkl,2,1600,0.30139005141551595,0.049690277622595855,0.013082868999095075,0.12138773267906895,0.6234009360374415,0.6204402515723271,-0.11710610972670984,0.3066600704965679,0.33065363923072166,-0.02399356873415376,0.06264300290643746,0.08663657164059119
E6_1_pushforward_tversky_07_03,1000,6,Group_4_peak_2000_Group_4_peak_2000_0_0-80_interpolated.pkl,4,2000,0.016886496070633247,0.007410765487864667,0.001561984726627516,0.008619748761708478,0.9003813155386082,0.89794921875,-0.061281844567193974,0.11706140622101292,0.12330715478325398,-0.006245748562241055,0.0033393111124853134,0.009585059674726362
E6_1_pushforward_tversky_07_03,1000,12,Group_4_peak_2000_Group_4_peak_2000_0_0-80_interpolated.pkl,4,2000,0.5778214721905437,0.12606379213028604,0.033051188020608586,0.2456454841138128,0.4785743716522456,0.4731473771856786,-0.3538910680191392,0.14847566631624512,0.2891596067033579,-0.14068394038711277,0.007915404118483705,0.14859934450559645
E6_1_pushforward_tversky_07_03,1000,24,Group_4_peak_2000_Group_4_peak_2000_0_0-80_interpolated.pkl,4,2000,0.4542754498616847,0.10934332733662233,0.023491721282007074,0.19570349949343802,0.5889902060114826,0.5854904632152589,-0.03338531329956017,0.2809350071114959,0.2947869643188424,-0.0138519572073465,0.06833219961659762,0.0821841568239441
E6_1_pushforward_tversky_07_03,1000,6,Group_1_peak_1200_Group_1_peak_1200_0_0-80_interpolated.pkl,1,1200,0.022027868948828175,0.006853038029229211,0.0015068195292694238,0.010129242169108937,0.897029702970297,0.8949494949494949,-0.02952414801549649,0.14952693092573124,0.14049842310308577,0.00902850782264547,0.012553336219157751,0.003524828396512275
E6_1_pushforward_tversky_07_03,1000,12,Group_1_peak_1200_Group_1_peak_1200_0_0-80_interpolated.pkl,1,1200,0.07968649466195599,0.01714312440883715,0.005900340079673341,0.03424331971682216,0.7376521938892717,0.7346037648152451,-0.0683127616687473,0.22830993754251439,0.2332570651165667,-0.004947127574052301,0.032836559272772244,0.037783686846824566
E6_1_pushforward_tversky_07_03,1000,24,Group_1_peak_1200_Group_1_peak_1200_0_0-80_interpolated.pkl,1,1200,0.4220882279851436,0.09395568794981353,0.018572442702955477,0.1782054528793042,0.6373807173412307,0.6343729263437292,0.0013563743394570142,0.32712881083420936,0.28210994991033334,0.045018860923876025,0.09065611279450869,0.04563725187063261
E6_1_pushforward_tversky_07_03,1000,6,Group_1_peak_2400_Group_1_peak_2400_0_0-80_interpolated.pkl,1,2400,0.06452291171422297,0.01744313052514525,0.004292423783035288,0.02875282200746784,0.8511120263591433,0.8495630461922596,-0.08844091141646311,0.2621359223300971,0.28755179024179084,-0.025415867911693757,0.009646898769402015,0.035062766681095786
E6_1_pushforward_tversky_07_03,1000,12,Group_1_peak_2400_Group_1_peak_2400_0_0-80_interpolated.pkl,1,2400,0.32278984558007645,0.06588324846755178,0.0277835684630392,0.1388188875035558,0.6561976549413735,0.6537812763564802,-0.27456316477026776,0.2936738606146806,0.43386308824438813,-0.14018922762970754,0.006060231278214087,0.1462494589079216
E6_1_pushforward_tversky_07_03,1000,24,Group_1_peak_2400_Group_1_peak_2400_0_0-80_interpolated.pkl,1,2400,0.5477636706710023,0.08467662097816622,0.03407827327231152,0.22217285497382666,0.553558926487748,0.5509389671361502,-0.38530046674022944,0.311298002597242,0.5058437944468493,-0.19454579184960735,0.021025292189722343,0.21557108403932967
E6_1_pushforward_tversky_07_03,1000,6,Group_3_peak_3400_Group_3_peak_3400_0_0-80_interpolated.pkl,3,3400,0.03988806990627119,0.011007549524336645,0.0043358076751900875,0.01841047570193264,0.8647820163487738,0.8636207488835451,-0.09203669775852606,0.31884237214767175,0.3521118050831736,-0.03326943293550183,0.007915404118483705,0.041184837053985526
E6_1_pushforward_tversky_07_03,1000,12,Group_3_peak_3400_Group_3_peak_3400_0_0-80_interpolated.pkl,3,3400,0.4381175905984157,0.0848746484928839,0.03596727410957149,0.18631983773362368,0.6764174792343807,0.6744186046511628,-0.349675018648352,0.34883433306536393,0.5060293117308763,-0.15719497866551235,0.004514253911322738,0.1617092325768351
E6_1_pushforward_tversky_07_03,1000,24,Group_3_peak_3400_Group_3_peak_3400_0_0-80_interpolated.pkl,3,3400,0.40727803339985824,0.0683586149764787,0.022983987944853054,0.16620687877373,0.6249252481760555,0.6226687522560462,-0.3133246219119102,0.3433306536392307,0.4906313771566384,-0.1473007235174077,0.02331333869272154,0.17061406221012923
E6_2_pushforward_tversky_05_05,600,6,Group_1_peak_2600_Group_1_peak_2600_0_0-80_interpolated.pkl,1,2600,0.14231136426900967,0.028116518965250702,0.011781551646563117,0.06073647829360782,0.7375679875679876,0.7349941153393488,-0.2242005364541463,0.23585430709294417,0.311112485313215,-0.07525817822027084,0.0041432193432688145,0.07940139756353967
E6_2_pushforward_tversky_05_05,600,12,Group_1_peak_2600_Group_1_peak_2600_0_0-80_interpolated.pkl,1,2600,0.6874378737208728,0.11805536408648364,0.04247222136604611,0.28265515305780087,0.4946463978849967,0.4912840984697272,-0.5271163222357925,0.2352359161461876,0.45779481788386617,-0.22255890173767856,0.006925978603673243,0.2294848803413518
E6_2_pushforward_tversky_05_05,600,24,Group_1_peak_2600_Group_1_peak_2600_0_0-80_interpolated.pkl,1,2600,0.9839003841234126,0.13149197041922236,0.05093725799647084,0.38877653751303526,0.44054929105727364,0.4374087796115415,-0.666279286608744,0.26757776266155464,0.5241481664708428,-0.2565704038092882,0.026652649805206853,0.28322305361449507
E6_2_pushforward_tversky_05_05,600,6,Group_2_peak_1000_Group_2_peak_1000_0_0-80_interpolated.pkl,2,1000,0.06321922305067963,0.016720720643165918,0.0032523007887298354,0.02773074816085846,0.867312552653749,0.8644578313253012,-0.13850995500722743,0.13264485807927773,0.13530393915033084,-0.0026590810710531154,0.008410116875888936,0.011069197946942057
E6_2_pushforward_tversky_05_05,600,12,Group_2_peak_1000_Group_2_peak_1000_0_0-80_interpolated.pkl,2,1000,0.2743577756095118,0.05108086481706941,0.009229868617367618,0.11155616968131628,0.6950986632718014,0.6901681759379042,-0.3150771925824006,0.15354647207964875,0.16962463669531877,-0.01607816461567002,0.021581844041803227,0.03766000865747325
E6_2_pushforward_tversky_05_05,600,24,Group_2_peak_1000_Group_2_peak_1000_0_0-80_interpolated.pkl,2,1000,0.6228612787610961,0.13894227782390425,0.028142389864916278,0.2633153154833055,0.49737229346226614,0.49203314212874444,-0.19019816833084688,0.25910580669099004,0.17519015521612763,0.08391565147486241,0.1158864634221755,0.03197081194731309
E6_2_pushforward_tversky_05_05,600,6,Group_2_peak_1200_Group_2_peak_1200_0_0-80_interpolated.pkl,2,1200,0.0709769938321608,0.020214654120368943,0.0034716442354127256,0.03155443072931415,0.8915254237288136,0.8891774891774892,-0.16506382229376662,0.13041865067095418,0.13944715849359965,-0.00902850782264547,0.003401150207160967,0.012429658029806443
E6_2_pushforward_tversky_05_05,600,12,Group_2_peak_1200_Group_2_peak_1200_0_0-80_interpolated.pkl,2,1200,0.310690993519603,0.06013840374472167,0.013090626318377435,0.12797334119423404,0.6130797290255341,0.6079725448785639,-0.34612065966854244,0.15150578195535216,0.22515614371405604,-0.07365036175870388,0.00909034691732113,0.08274070867602498
E6_2_pushforward_tversky_05_05,600,24,Group_2_peak_1200_Group_2_peak_1200_0_0-80_interpolated.pkl,2,1200,0.5560199642075576,0.11214304328949498,0.025234801365670464,0.231132602954241,0.5501053841732133,0.5457535306635712,-0.22119379164476533,0.2643621297384206,0.2297322367200544,0.03462989301836619,0.08991404365840085,0.05528415064003463
E6_2_pushforward_tversky_05_05,600,6,Group_2_peak_1600_Group_2_peak_1600_0_0-80_interpolated.pkl,2,1600,0.1045915022567732,0.023499364785885872,0.00355849502971707,0.04388312069079204,0.8436244062842528,0.8407145515444734,-0.19594601857685054,0.1432811823634902,0.16257497990229422,-0.01929379753880403,0.003586667491187929,0.02288046502999196
E6_2_pushforward_tversky_05_05,600,12,Group_2_peak_1600_Group_2_peak_1600_0_0-80_interpolated.pkl,2,1600,0.42526094241231044,0.07509402619706262,0.0208009257297189,0.173718631446364,0.5151456310679612,0.5103921568627451,-0.40754946644456125,0.17222187867169625,0.3041246676148661,-0.13190278894316987,0.011254715230969018,0.1431575041741389
E6_2_pushforward_tversky_05_05,600,24,Group_2_peak_1600_Group_2_peak_1600_0_0-80_interpolated.pkl,2,1600,0.5703112358024596,0.1123183980233248,0.028846508388733278,0.23715871407150588,0.5550687415017375,0.551682143400822,-0.28859260742610227,0.299672252798219,0.33065363923072166,-0.030981386432502644,0.07556737369364913,0.10654876012615175
E6_2_pushforward_tversky_05_05,600,6,Group_4_peak_2000_Group_4_peak_2000_0_0-80_interpolated.pkl,4,2000,0.05567441687985452,0.017065030110777417,0.0031040249498715576,0.025281157313501165,0.7894230769230769,0.7842364532019704,-0.1627405534743909,0.10067404613196462,0.12330715478325398,-0.022633108651289355,0.002226207408323542,0.024859316059612887
E6_2_pushforward_tversky_05_05,600,12,Group_4_peak_2000_Group_4_peak_2000_0_0-80_interpolated.pkl,4,2000,1.0463242914714586,0.1877386925355998,0.044803582230150414,0.4262888554124029,0.37303881090008256,0.3664997914059241,-0.5787497922592914,0.11594830251685115,0.2891596067033579,-0.17321130418650674,0.007297013171727166,0.1805083173582339
E6_2_pushforward_tversky_05_05,600,24,Group_4_peak_2000_Group_4_peak_2000_0_0-80_interpolated.pkl,4,2000,0.6717015039375539,0.15566052274688694,0.030024431971965155,0.28579548621880196,0.4106792945787067,0.4058281198551202,-0.3573688226126244,0.2332570651165667,0.2947869643188424,-0.061529899202275695,0.08082369674107971,0.1423535959433554
E6_2_pushforward_tversky_05_05,600,6,Group_1_peak_1200_Group_1_peak_1200_0_0-80_interpolated.pkl,1,1200,0.046390345792943224,0.010291951635353899,0.002045284671475393,0.01957586069992417,0.9106400665004156,0.9087436332767402,-0.14368437446857027,0.13759198565333003,0.14049842310308577,-0.0029064374497557444,0.005194483952754932,0.008100921402510668
E6_2_pushforward_tversky_05_05,600,12,Group_1_peak_1200_Group_1_peak_1200_0_0-80_interpolated.pkl,1,1200,0.2650698667800672,0.04560902656307792,0.011241619837679444,0.10730683772694154,0.6208187718422367,0.6160262891809909,-0.3282537509275864,0.162080267144889,0.2332570651165667,-0.0711767979716777,0.011378393420320326,0.08255519139199802
E6_2_pushforward_tversky_05_05,600,24,Group_1_peak_1200_Group_1_peak_1200_0_0-80_interpolated.pkl,1,1200,0.5032938967913944,0.13813248404943904,0.029689479823648054,0.22370528688816047,0.5387775221820572,0.5349569251159708,-0.24185209537907365,0.29082926225960054,0.28210994991033334,0.008719312349267205,0.09115082555191392,0.08243151320264672
E6_2_pushforward_tversky_05_05,600,6,Group_1_peak_2400_Group_1_peak_2400_0_0-80_interpolated.pkl,1,2400,0.12788369478948342,0.0274567131989688,0.007533461314772666,0.054291289767741634,0.7708159866777685,0.7684055532183425,-0.19991973901486457,0.2323294786964319,0.28755179024179084,-0.05522231154535895,0.006431265846268011,0.06165357739162699
E6_2_pushforward_tversky_05_05,600,12,Group_1_peak_2400_Group_1_peak_2400_0_0-80_interpolated.pkl,1,2400,0.6248199421503206,0.11006194838847322,0.037873002989285386,0.2575849645093597,0.5332779853327798,0.5300264734568761,-0.48767221946308204,0.2451920103889679,0.43386308824438813,-0.18867107785542023,0.009956094242780286,0.1986271720982005
E6_2_pushforward_tversky_05_05,600,24,Group_1_peak_2400_Group_1_peak_2400_0_0-80_interpolated.pkl,1,2400,0.9505567525967822,0.13449255833127852,0.05197928786909752,0.3790095329323861,0.46195526861886094,0.45883580705009275,-0.6070485456217921,0.272153855667553,0.5058437944468493,-0.23368993877929634,0.027456558035990352,0.2611464968152866
E6_2_pushforward_tversky_05_05,600,6,Group_3_peak_3400_Group_3_peak_3400_0_0-80_interpolated.pkl,3,3400,0.18269246745353532,0.03606366917202526,0.011733194209397346,0.07682977694498598,0.7617667121418826,0.7597179222566219,-0.23672481011049873,0.28056397254344195,0.3521118050831736,-0.07154783253973163,0.007420691361078474,0.07896852390081009
E6_2_pushforward_tversky_05_05,600,12,Group_3_peak_3400_Group_3_peak_3400_0_0-80_interpolated.pkl,3,3400,0.8882734119752497,0.1486303503247904,0.0526750254404705,0.3631929292468368,0.5430004777830865,0.5401994952529744,-0.5696035848316431,0.28650052563230477,0.5060293117308763,-0.21952878609857152,0.008533795065240244,0.22806258116381176
E6_2_pushforward_tversky_05_05,600,24,Group_3_peak_3400_Group_3_peak_3400_0_0-80_interpolated.pkl,3,3400,0.7023519131041178,0.0829961939226051,0.036987086462924576,0.27411173116321585,0.5378161332853889,0.5350295429880623,-0.5247619677972915,0.2965802980644363,0.4906313771566384,-0.1940510790922021,0.022200234988559768,0.21625131408076187
E6_2_pushforward_tversky_05_05,700,6,Group_1_peak_2600_Group_1_peak_2600_0_0-80_interpolated.pkl,1,2600,0.03131014344548491,0.0065522700081534725,0.006227863186194385,0.014696758879944255,0.859136337921931,0.857795545402627,-0.09725908177157411,0.29237523962649187,0.311112485313215,-0.018737245686723136,0.013728279017995176,0.03246552470471832
E6_2_pushforward_tversky_05_05,700,12,Group_1_peak_2600_Group_1_peak_2600_0_0-80_interpolated.pkl,1,2600,0.16483326920039143,0.03772078758543567,0.029503539316663906,0.07735253203416367,0.7052984241220995,0.7034586090648021,-0.190265306625286,0.3858759507760806,0.45779481788386617,-0.07191886710778556,0.03747449137344629,0.10939335848123183
E6_2_pushforward_tversky_05_05,700,24,Group_1_peak_2600_Group_1_peak_2600_0_0-80_interpolated.pkl,1,2600,0.4765332428569227,0.11005230135724248,0.052078786988012035,0.21288811040072575,0.6523605150214592,0.6506169124285285,-0.1844803770783733,0.49341413641704285,0.5241481664708428,-0.030734030053799988,0.09232576835075135,0.12305979840455136
E6_2_pushforward_tversky_05_05,700,6,Group_2_peak_1000_Group_2_peak_1000_0_0-80_interpolated.pkl,2,1000,0.09558135568691438,0.01629034979924543,0.0029533594578500886,0.0382750216480033,0.8861066235864298,0.8837592745259687,-0.04167919502166301,0.1473007235174077,0.13530393915033084,0.011996784367076851,0.01471770453280564,0.0027209201657287735
E6_2_pushforward_tversky_05_05,700,12,Group_2_peak_1000_Group_2_peak_1000_0_0-80_interpolated.pkl,2,1000,0.2765485095472198,0.060707029263403864,0.02128071315249449,0.11951208398770606,0.5294597349643221,0.5246138002059733,0.007028867624721724,0.28810834209387176,0.16962463669531877,0.11848370539855299,0.13060416795498114,0.012120462556428175
E6_2_pushforward_tversky_05_05,700,24,Group_2_peak_1000_Group_2_peak_1000_0_0-80_interpolated.pkl,2,1000,1.3823217505548022,0.356061387746964,0.0849937163362255,0.6077922848793306,0.32430539341583003,0.3203381869422264,0.39772659197019355,0.5201286253169254,0.17519015521612763,0.34493847010079776,0.3514315750417414,0.0064931049409436645
E6_2_pushforward_tversky_05_05,700,6,Group_2_peak_1200_Group_2_peak_1200_0_0-80_interpolated.pkl,2,1200,0.06009838587258045,0.011711949294481452,0.0019014158873239997,0.024570583684795297,0.924317617866005,0.9227195945945946,-0.09016333250881207,0.14210623956465276,0.13944715849359965,0.0026590810710531154,0.006987817698348896,0.004328736627295777
E6_2_pushforward_tversky_05_05,700,12,Group_2_peak_1200_Group_2_peak_1200_0_0-80_interpolated.pkl,2,1200,0.27731060996447726,0.0637453850769788,0.018698678094851897,0.11991822437876931,0.5749901068460626,0.5707434052757794,-0.07649483933430215,0.260899140436584,0.22515614371405604,0.03574299672252798,0.08428668604291634,0.04854368932038835
E6_2_pushforward_tversky_05_05,700,24,Group_2_peak_1200_Group_2_peak_1200_0_0-80_interpolated.pkl,2,1200,1.1102023871902356,0.2893273794846505,0.08664064215696662,0.4953901362772842,0.42038987770916575,0.41685954440248507,0.29405652020785666,0.48951827345247667,0.2297322367200544,0.2597860367324223,0.27790489147238884,0.018118854739966606
E6_2_pushforward_tversky_05_05,700,6,Group_2_peak_1600_Group_2_peak_1600_0_0-80_interpolated.pkl,2,1600,0.04007254115986392,0.00802415996631937,0.001915955099661508,0.01667088540861493,0.8665740097289785,0.8642149929278642,-0.10325510365778245,0.16344072722775338,0.16257497990229422,0.0008657473254591597,0.012305979840455136,0.01144023251499598
E6_2_pushforward_tversky_05_05,700,12,Group_2_peak_1600_Group_2_peak_1600_0_0-80_interpolated.pkl,2,1600,0.1517180023174547,0.03639086306043683,0.013902585407379832,0.06733715026175711,0.6637502144450163,0.6608409759473958,-0.12645475111455307,0.2894069630820605,0.3041246676148661,-0.014717704532805631,0.05324346051573805,0.06796116504854369
E6_2_pushforward_tversky_05_05,700,24,Group_2_peak_1600_Group_2_peak_1600_0_0-80_interpolated.pkl,2,1600,0.9701202697340032,0.260036042873875,0.07809706725434595,0.43608445995407474,0.5381948327927525,0.5355977955235631,0.24228653917506648,0.5136355203759817,0.33065363923072166,0.18298188114526004,0.21915775153051759,0.03617587038525756
E6_2_pushforward_tversky_05_05,700,6,Group_4_peak_2000_Group_4_peak_2000_0_0-80_interpolated.pkl,4,2000,0.03109495143916248,0.0085290469777612,0.0021731315860176862,0.013932376667647123,0.8503631961259079,0.8466501240694789,-0.13241422965880278,0.10679611650485436,0.12330715478325398,-0.016511038278399615,0.001298620988188733,0.017809659266588337
E6_2_pushforward_tversky_05_05,700,12,Group_4_peak_2000_Group_4_peak_2000_0_0-80_interpolated.pkl,4,2000,0.545431888407718,0.10136399841120469,0.032601111121278205,0.22646566598006693,0.44830438378825477,0.4425407438361889,-0.4436373791722064,0.137777502937357,0.2891596067033579,-0.1513821037660009,0.006802300414321934,0.1581844041803228
E6_2_pushforward_tversky_05_05,700,24,Group_4_peak_2000_Group_4_peak_2000_0_0-80_interpolated.pkl,4,2000,0.959551698696215,0.2484450671252774,0.058115115781230735,0.42203729386757444,0.4399893432796057,0.43623441062089313,0.014861530249462773,0.3675097396574114,0.2947869643188424,0.07272277533856902,0.16634716467750912,0.09362438933894007
E6_2_pushforward_tversky_05_05,700,6,Group_1_peak_1200_Group_1_peak_1200_0_0-80_interpolated.pkl,1,1200,0.04829832464327957,0.011911186450595641,0.0020648432842034063,0.020758118126026206,0.8987742190589165,0.8967325534489714,-0.08188543142189336,0.1502690000618391,0.14049842310308577,0.00977057695875333,0.012800692597860368,0.0030301156391070437
E6_2_pushforward_tversky_05_05,700,12,Group_1_peak_1200_Group_1_peak_1200_0_0-80_interpolated.pkl,1,1200,0.21277946591627112,0.047318082425438834,0.014859810576252543,0.09165245297265416,0.6214079074252652,0.6177215189873417,-0.10104071754123894,0.2804402943540907,0.2332570651165667,0.047183229237523994,0.08428668604291634,0.03710345680539237
E6_2_pushforward_tversky_05_05,700,24,Group_1_peak_1200_Group_1_peak_1200_0_0-80_interpolated.pkl,1,1200,0.7906467803176243,0.19815333247287634,0.06577562612694181,0.3515252463058141,0.4786447148651873,0.4755160825732117,0.16731882051106148,0.47813988003215635,0.28210994991033334,0.19602993012182302,0.23313338692721539,0.03710345680539237
E6_2_pushforward_tversky_05_05,700,6,Group_1_peak_2400_Group_1_peak_2400_0_0-80_interpolated.pkl,1,2400,0.0665945251336919,0.012921023495231687,0.003181534180319599,0.02756569426974773,0.8395645028759244,0.8378995433789954,-0.12451185462691701,0.26003339311112483,0.28755179024179084,-0.027518397130666006,0.010388967905509864,0.03790736503617587
E6_2_pushforward_tversky_05_05,700,12,Group_1_peak_2400_Group_1_peak_2400_0_0-80_interpolated.pkl,1,2400,0.22405695077479656,0.032766720999067626,0.01484310134626202,0.09055559104004207,0.7093453009503696,0.707414297103375,-0.20033312188872054,0.3607692783377651,0.43386308824438813,-0.07309380990662301,0.03153793828458351,0.10463174819120648
E6_2_pushforward_tversky_05_05,700,24,Group_1_peak_2400_Group_1_peak_2400_0_0-80_interpolated.pkl,1,2400,0.5755988925147947,0.15317417728432067,0.0576536347665882,0.2621422348552345,0.666500895166103,0.6648340663734507,-0.0034837086445015384,0.5240863273761672,0.5058437944468493,0.01824253292931788,0.1127945086883928,0.09455197575907488
E6_2_pushforward_tversky_05_05,700,6,Group_3_peak_3400_Group_3_peak_3400_0_0-80_interpolated.pkl,3,3400,0.049235960394015454,0.010978900964450283,0.004607087630200307,0.021607316329555346,0.8619232719283421,0.860746548491563,-0.12432256298408416,0.3229855914909406,0.3521118050831736,-0.029126213592232997,0.010698163378888133,0.03982437697112114
E6_2_pushforward_tversky_05_05,700,12,Group_3_peak_3400_Group_3_peak_3400_0_0-80_interpolated.pkl,3,3400,0.2289226966080015,0.04860210077725273,0.028161823139606898,0.10189554017495371,0.7609618104667609,0.7595161864105301,-0.27040095285348775,0.411539175066477,0.5060293117308763,-0.09449013666439926,0.015459773668913487,0.10994991033331272
E6_2_pushforward_tversky_05_05,700,24,Group_3_peak_3400_Group_3_peak_3400_0_0-80_interpolated.pkl,3,3400,0.5878546856699236,0.12071188709295247,0.043464612672749585,0.2506770618118752,0.664582906333265,0.6628553770086527,-0.0356735107769116,0.5076371281924432,0.4906313771566384,0.017005751035804817,0.10970255395461011,0.09269680291880526
E6_2_pushforward_tversky_05_05,800,6,Group_1_peak_2600_Group_1_peak_2600_0_0-80_interpolated.pkl,1,2600,0.028930404450505102,0.005642837902544577,0.00368730467207378,0.012753515675041153,0.8696149447197865,0.8683602771362586,-0.09662110945133263,0.2892214457980335,0.311112485313215,-0.02189103951518151,0.010203450621482901,0.0320944901366644
E6_2_pushforward_tversky_05_05,800,12,Group_1_peak_2600_Group_1_peak_2600_0_0-80_interpolated.pkl,1,2600,0.1395683716557761,0.0335031311163081,0.025445314712345696,0.06617227249480996,0.7436281859070465,0.7420165954236861,-0.17617225847485468,0.3990476779419949,0.45779481788386617,-0.05874713994187125,0.034073341166285326,0.09282048110815658
E6_2_pushforward_tversky_05_05,800,24,Group_1_peak_2600_Group_1_peak_2600_0_0-80_interpolated.pkl,1,2600,0.5789156652616817,0.14518435852931205,0.0605015896381072,0.26153387114303367,0.6381662903700795,0.6363815724573345,-0.118978810689274,0.5016387360089049,0.5241481664708428,-0.022509430461937985,0.10271473625626121,0.12522416671819925
E6_2_pushforward_tversky_05_05,800,6,Group_2_peak_1000_Group_2_peak_1000_0_0-80_interpolated.pkl,2,1000,0.03172987584135356,0.0070654359144253845,0.0015873770842553948,0.013460896280011446,0.9236641221374046,0.9220103986135182,-0.08904736029195782,0.13901428483087008,0.13530393915033084,0.00371034568053924,0.007420691361078474,0.003710345680539237
E6_2_pushforward_tversky_05_05,800,12,Group_2_peak_1000_Group_2_peak_1000_0_0-80_interpolated.pkl,2,1000,0.1702525830565744,0.03302522305862602,0.005615995339144468,0.0696312671514483,0.6599608829281922,0.6551431000283366,-0.12906721885435346,0.19157751530517594,0.16962463669531877,0.021952878609857174,0.048605528415064006,0.026652649805206853
E6_2_pushforward_tversky_05_05,800,24,Group_2_peak_1000_Group_2_peak_1000_0_0-80_interpolated.pkl,2,1000,1.1515886026692146,0.35167158218776967,0.06202609899702179,0.521762094618002,0.36657396371341544,0.36235168644180776,0.2925663127666811,0.45674355327438004,0.17519015521612763,0.2815533980582524,0.2886648939459526,0.007111495887700204
E6_2_pushforward_tversky_05_05,800,6,Group_2_peak_1200_Group_2_peak_1200_0_0-80_interpolated.pkl,2,1200,0.04390232225864182,0.008939865087848485,0.0018051548636719473,0.01821578073672075,0.9049755301794453,0.9029975020815987,-0.12057403588986457,0.14321934326881455,0.13944715849359965,0.003772184775214904,0.00909034691732113,0.0053181621421062395
E6_2_pushforward_tversky_05_05,800,12,Group_2_peak_1200_Group_2_peak_1200_0_0-80_interpolated.pkl,2,1200,0.2023065825923129,0.04034571694087312,0.011751507201892587,0.08480126891169287,0.5803142732431252,0.5756840247131509,-0.15637589751232917,0.2164368313647888,0.22515614371405604,-0.008719312349267233,0.05509863335600767,0.06381794570527488
E6_2_pushforward_tversky_05_05,800,24,Group_2_peak_1200_Group_2_peak_1200_0_0-80_interpolated.pkl,2,1200,0.9525825990552953,0.2823234843114289,0.054792240271217325,0.42989944121264717,0.4260891784847323,0.4223993827954224,0.23190617680763403,0.4543318285820296,0.2297322367200544,0.22459959186197517,0.25119040257250635,0.0265908107105312
E6_2_pushforward_tversky_05_05,800,6,Group_2_peak_1600_Group_2_peak_1600_0_0-80_interpolated.pkl,2,1600,0.05866983512696878,0.011349681449309772,0.0022416211808893305,0.02408704591905596,0.8656294200848657,0.86321094312455,-0.12161101832562922,0.15750417413889062,0.16257497990229422,-0.005070805763403602,0.009214025106672439,0.014284830870076062
E6_2_pushforward_tversky_05_05,800,12,Group_2_peak_1600_Group_2_peak_1600_0_0-80_interpolated.pkl,2,1600,0.16539082546561,0.038955923632354984,0.015224619985229356,0.07319045636106478,0.649746192893401,0.6467576791808873,-0.1458306711522556,0.29262259600519447,0.3041246676148661,-0.011502071609671649,0.05825242718446602,0.06975449879413766
E6_2_pushforward_tversky_05_05,800,24,Group_2_peak_1600_Group_2_peak_1600_0_0-80_interpolated.pkl,2,1600,0.7963451206309333,0.21822049688020126,0.05679050389589562,0.3571187071356767,0.5395634379263301,0.5369311685341871,0.18736720295977366,0.5005874713994187,0.33065363923072166,0.16993383216869706,0.21019108280254778,0.04025725063385072
E6_2_pushforward_tversky_05_05,800,6,Group_4_peak_2000_Group_4_peak_2000_0_0-80_interpolated.pkl,4,2000,0.026586006549265656,0.007234374187301581,0.001782569795894705,0.011867650177487312,0.8864838864838864,0.8836865450961064,-0.12040462756922114,0.11304186506709542,0.12330715478325398,-0.01026528971615856,0.0021643683136478883,0.012429658029806443
E6_2_pushforward_tversky_05_05,800,12,Group_4_peak_2000_Group_4_peak_2000_0_0-80_interpolated.pkl,4,2000,0.5326909443964986,0.08890585087477654,0.027320223133273872,0.21630567280151633,0.4806077568972411,0.47536348949919227,-0.4140312181142168,0.16263681899696988,0.2891596067033579,-0.126522787706388,0.017067590130480488,0.14359037783686845
E6_2_pushforward_tversky_05_05,800,24,Group_4_peak_2000_Group_4_peak_2000_0_0-80_interpolated.pkl,4,2000,0.674662976975712,0.25360741778140794,0.05821809520587397,0.3288294966543313,0.48876540227107995,0.48565872630043755,0.07101613106602869,0.4611341289963515,0.2947869643188424,0.1663471646775091,0.21402510667243832,0.047677941994929196
E6_2_pushforward_tversky_05_05,800,6,Group_1_peak_1200_Group_1_peak_1200_0_0-80_interpolated.pkl,1,1200,0.04290529179846428,0.012282681809064272,0.002016973324995449,0.019068315644174664,0.8802652106084243,0.8778838504375497,-0.09197428496131192,0.15144394286067653,0.14049842310308577,0.010945519757590755,0.014965060911508255,0.004019541153917507
E6_2_pushforward_tversky_05_05,800,12,Group_1_peak_1200_Group_1_peak_1200_0_0-80_interpolated.pkl,1,1200,0.21474822783584793,0.04649956343044939,0.011663063227094185,0.09097028483113051,0.6125130344108446,0.6084299262381454,-0.11757039360342202,0.23869890544802425,0.2332570651165667,0.005441840331457559,0.06016943911941129,0.054727598787953746
E6_2_pushforward_tversky_05_05,800,24,Group_1_peak_1200_Group_1_peak_1200_0_0-80_interpolated.pkl,1,1200,0.7999803507582296,0.2492360935862563,0.05481784027140997,0.36801142820529864,0.48711943793911006,0.4840989399293286,0.2009565100865361,0.4970626430029064,0.28210994991033334,0.2149526930925731,0.24290396388596872,0.027951270793395586
E6_2_pushforward_tversky_05_05,800,6,Group_1_peak_2400_Group_1_peak_2400_0_0-80_interpolated.pkl,1,2400,0.05218308328509316,0.007660058846589508,0.0029932519919539245,0.020945464707878864,0.8534624896949712,0.8519366930445648,-0.1174103532413348,0.2623832787087997,0.28755179024179084,-0.025168511532991156,0.0093995423906994,0.034568053923690556
E6_2_pushforward_tversky_05_05,800,12,Group_1_peak_2400_Group_1_peak_2400_0_0-80_interpolated.pkl,1,2400,0.24338681711660862,0.03912513797813155,0.018656150640093315,0.10038936857827781,0.6982597054886212,0.6962264150943396,-0.23977992710233598,0.3444437573433925,0.43386308824438813,-0.08941933090099563,0.024982994248964194,0.11440232514995981
E6_2_pushforward_tversky_05_05,800,24,Group_1_peak_2400_Group_1_peak_2400_0_0-80_interpolated.pkl,1,2400,0.44547061499237145,0.12161067134427783,0.04727562645804116,0.20478563759823012,0.6626395939086295,0.6609183673469388,-0.11595662120365934,0.50071114958877,0.5058437944468493,-0.005132644858079294,0.10017933337455939,0.10531197823263867
E6_2_pushforward_tversky_05_05,800,6,Group_3_peak_3400_Group_3_peak_3400_0_0-80_interpolated.pkl,3,3400,0.06681460838049794,0.017253310888208338,0.006341272710857313,0.030136397326521194,0.8614213197969544,0.8602389078498294,-0.1462613405894425,0.3219961659761301,0.3521118050831736,-0.030115639107043457,0.010265289716158555,0.04038092882320203
E6_2_pushforward_tversky_05_05,800,12,Group_3_peak_3400_Group_3_peak_3400_0_0-80_interpolated.pkl,3,3400,0.3439432416240291,0.06765219945088075,0.037441704690919356,0.14967904858860973,0.7356416922713307,0.7340387587682796,-0.34239418992718446,0.3958938841135366,0.5060293117308763,-0.11013542761733969,0.0140993135860491,0.12423474120338879
E6_2_pushforward_tversky_05_05,800,24,Group_3_peak_3400_Group_3_peak_3400_0_0-80_interpolated.pkl,3,3400,0.6726030573834916,0.14446018403826594,0.04481050897917373,0.28729125013364376,0.6392365456821026,0.6373453554204236,-0.10158740321940124,0.4751097643930493,0.4906313771566384,-0.015521612763589099,0.09918990785974893,0.11471152062333807
E6_2_pushforward_tversky_05_05,850,6,Group_1_peak_2600_Group_1_peak_2600_0_0-80_interpolated.pkl,1,2600,0.02823652931300857,0.006601598638742189,0.005029751007866439,0.013289292986539067,0.8508920187793427,0.849478672985782,-0.09740020504732623,0.29218972234246493,0.311112485313215,-0.018922762970750073,0.015088739100859564,0.03401150207160967
E6_2_pushforward_tversky_05_05,850,12,Group_1_peak_2600_Group_1_peak_2600_0_0-80_interpolated.pkl,1,2600,0.15239371590278633,0.03755935407452071,0.02769311437652667,0.07254872811794456,0.7407127565797759,0.7390698263844887,-0.1793201341087054,0.39082307835013297,0.45779481788386617,-0.0669717395337332,0.030177478201719128,0.09714921773545235
E6_2_pushforward_tversky_05_05,850,24,Group_1_peak_2600_Group_1_peak_2600_0_0-80_interpolated.pkl,1,2600,0.49172835549331156,0.1090410110498089,0.04691250452703119,0.21589395702338388,0.6802118341990019,0.6785750844508138,-0.14434002588545855,0.4898893080205306,0.5241481664708428,-0.034258858450312235,0.07995794941562055,0.11421680786593284
E6_2_pushforward_tversky_05_05,850,6,Group_2_peak_1000_Group_2_peak_1000_0_0-80_interpolated.pkl,2,1000,0.06444604398877682,0.014073351781386774,0.0028032494038104597,0.027107548391324687,0.9311073541842773,0.9296200345423143,-0.0480344754764509,0.14105497495516667,0.13530393915033084,0.0057510358048358245,0.007915404118483705,0.0021643683136478883
E6_2_pushforward_tversky_05_05,850,12,Group_2_peak_1000_Group_2_peak_1000_0_0-80_interpolated.pkl,2,1000,0.24239591199451363,0.047602944508711165,0.01237733859990002,0.10079206503437493,0.5723062381852552,0.5671927307508369,-0.05343543950204069,0.2356687898089172,0.16962463669531877,0.06604415311359843,0.08898645723826604,0.022942304124667613
E6_2_pushforward_tversky_05_05,850,24,Group_2_peak_1000_Group_2_peak_1000_0_0-80_interpolated.pkl,2,1000,1.281252889594378,0.3331327874568487,0.0671075410105682,0.5604977393539315,0.3340146687507515,0.32998669408491593,0.3728994636424773,0.5047306907426875,0.17519015521612763,0.3295405355265599,0.33603364046750356,0.0064931049409436645
E6_2_pushforward_tversky_05_05,850,6,Group_2_peak_1200_Group_2_peak_1200_0_0-80_interpolated.pkl,2,1200,0.03488026363695907,0.006267156308183187,0.0012413823726570808,0.01412960077259978,0.9227272727272727,0.9210970464135021,-0.09760038948967287,0.14210623956465276,0.13944715849359965,0.0026590810710531154,0.007111495887700204,0.004452414816647084
E6_2_pushforward_tversky_05_05,850,12,Group_2_peak_1200_Group_2_peak_1200_0_0-80_interpolated.pkl,2,1200,0.2370239152462705,0.04474049651538998,0.012681174933756048,0.09814852889847218,0.5875647668393782,0.5832460732984294,-0.0968570219741358,0.24234741203388782,0.22515614371405604,0.01719126831983178,0.07012553336219157,0.05293426504235978
E6_2_pushforward_tversky_05_05,850,24,Group_2_peak_1200_Group_2_peak_1200_0_0-80_interpolated.pkl,2,1200,0.9802756287757367,0.25470016605535695,0.0628426953582519,0.4326061633964486,0.4117436448263516,0.40821227038059793,0.28460259685548206,0.49557850473069076,0.2297322367200544,0.2658462680106364,0.2853255828334673,0.019479314822830995
E6_2_pushforward_tversky_05_05,850,6,Group_2_peak_1600_Group_2_peak_1600_0_0-80_interpolated.pkl,2,1600,0.06788687364429864,0.010521156105038683,0.0018148766744446921,0.02674096880792734,0.8460164344408717,0.8432157148053838,-0.1050808666942366,0.15076371281924433,0.16257497990229422,-0.011811267083049887,0.007420691361078474,0.019231958444128377
E6_2_pushforward_tversky_05_05,850,12,Group_2_peak_1600_Group_2_peak_1600_0_0-80_interpolated.pkl,2,1600,0.21494172530937924,0.04363002313842698,0.015637000470401886,0.09140291630606938,0.6319620788894532,0.6288202151271982,-0.13257646669771506,0.2858202955908726,0.3041246676148661,-0.018304372023993543,0.05806690990043906,0.07637128192443263
E6_2_pushforward_tversky_05_05,850,24,Group_2_peak_1600_Group_2_peak_1600_0_0-80_interpolated.pkl,2,1600,0.9044637490753298,0.24105526060288496,0.06863891315613056,0.4047193076114484,0.5318356288101151,0.5291780199818347,0.20278370737933646,0.5022571269556614,0.33065363923072166,0.17160348772493972,0.21402510667243832,0.04242161894749861
E6_2_pushforward_tversky_05_05,850,6,Group_4_peak_2000_Group_4_peak_2000_0_0-80_interpolated.pkl,4,2000,0.02412600417919627,0.0063732778845255475,0.0016450257619378776,0.010714769275219896,0.8751169317118802,0.8721264367816092,-0.1039540243240214,0.11842186630387731,0.12330715478325398,-0.004885288479376665,0.005812874899511471,0.010698163378888133
E6_2_pushforward_tversky_05_05,850,12,Group_4_peak_2000_Group_4_peak_2000_0_0-80_interpolated.pkl,4,2000,0.3970681934641228,0.07779957448314788,0.025853419124587752,0.16690706235728614,0.5728937728937729,0.5689463955637708,-0.2970187879730691,0.23573062890359286,0.2891596067033579,-0.05342897779976502,0.045389895491929996,0.098818873291695
E6_2_pushforward_tversky_05_05,850,24,Group_4_peak_2000_Group_4_peak_2000_0_0-80_interpolated.pkl,4,2000,0.8816642474340401,0.2653858258653372,0.06772398781120932,0.4049246870368622,0.47149049683227745,0.4685369397563429,0.20788461742857584,0.5177169006245749,0.2947869643188424,0.2229299363057325,0.2584874157442335,0.03555747943850102
E6_2_pushforward_tversky_05_05,850,6,Group_1_peak_1200_Group_1_peak_1200_0_0-80_interpolated.pkl,1,1200,0.03940054867979249,0.009436658977536294,0.0014246109454644446,0.01675393953426441,0.9229200652528549,0.921315570358035,-0.08434117268663811,0.1448889988250572,0.14049842310308577,0.004390575721971435,0.008039082307835014,0.003648506585863583
E6_2_pushforward_tversky_05_05,850,12,Group_1_peak_1200_Group_1_peak_1200_0_0-80_interpolated.pkl,1,1200,0.2412901304459222,0.04914447162201601,0.013267106037518494,0.10123390270181891,0.6370625126441433,0.6333537706928265,-0.09199278686817837,0.2609609795312597,0.2332570651165667,0.027703914414693,0.06932162513140808,0.041617710716715106
E6_2_pushforward_tversky_05_05,850,24,Group_1_peak_1200_Group_1_peak_1200_0_0-80_interpolated.pkl,1,1200,0.8956430214369375,0.25812999418228333,0.06650709232880117,0.40676003598267396,0.46393258426966294,0.4609039548022599,0.24528455766688825,0.5174077051511966,0.28210994991033334,0.23529775524086327,0.2651660379692041,0.029868282728340856
E6_2_pushforward_tversky_05_05,850,6,Group_1_peak_2400_Group_1_peak_2400_0_0-80_interpolated.pkl,1,2400,0.05187289962608649,0.008119824164570105,0.0036496893866643293,0.02121413772577364,0.8269854132901134,0.8252148997134671,-0.10126042296732964,0.26392925607569107,0.28755179024179084,-0.023622534166099773,0.014594026343454332,0.03821656050955414
E6_2_pushforward_tversky_05_05,850,12,Group_1_peak_2400_Group_1_peak_2400_0_0-80_interpolated.pkl,1,2400,0.20712264847217512,0.03430811642512868,0.026610276508296025,0.0893470138018666,0.6891487979207277,0.6871157619359058,-0.1944013244919532,0.3637375548821965,0.43386308824438813,-0.07012553336219163,0.038896790550986333,0.10902232391317791
E6_2_pushforward_tversky_05_05,850,24,Group_1_peak_2400_Group_1_peak_2400_0_0-80_interpolated.pkl,1,2400,0.5427420372410924,0.1477862877669985,0.05901345605841989,0.24984726035550361,0.6318172868674936,0.629996042738425,-0.024576050431231063,0.5130171294292252,0.5058437944468493,0.007173334982375823,0.11922577453466081,0.11205243955228496
E6_2_pushforward_tversky_05_05,850,6,Group_3_peak_3400_Group_3_peak_3400_0_0-80_interpolated.pkl,3,3400,0.03197175144576039,0.008030617344380896,0.003430864693659652,0.014477744494600311,0.8823725424858381,0.8813844086021505,-0.09851311248483009,0.34036237709479933,0.3521118050831736,-0.01174942798837425,0.01595448642631872,0.02770391441469297
E6_2_pushforward_tversky_05_05,850,12,Group_3_peak_3400_Group_3_peak_3400_0_0-80_interpolated.pkl,3,3400,0.1545710553665547,0.03524666269909305,0.01800229337473801,0.06927333714679525,0.815714959886739,0.81459940652819,-0.21980097775821686,0.4393667676705213,0.5060293117308763,-0.06666254406035499,0.014965060911508255,0.08162760497186321
E6_2_pushforward_tversky_05_05,850,24,Group_3_peak_3400_Group_3_peak_3400_0_0-80_interpolated.pkl,3,3400,0.7182494981737764,0.14925918325133306,0.043210873928923685,0.303573185118011,0.682265759821338,0.6806448321599837,0.03536130713956504,0.5279821903407335,0.4906313771566384,0.037350813184095055,0.11545358975944592,0.07810277657535093
